invoice_id,invoice_date,vendor_id,vendor_name,currency,line_item_number,item_code,description,quantity,unit_price,line_total,po_id,po_quantity,po_unit_price,po_line_total,grn_id,grn_quantity,mismatch_type,is_mismatch
INV0001,23-11-2024,V004,Vendor_4,USD,1,ITM0048,Component gadget widget device assembly,19,213.85,4063.15,PO0001,19,213.85,4063.15,GRN0001,19,item_not_in_po,1
INV0001,23-11-2024,V004,Vendor_4,USD,2,ITM0002,Gadget assembly widget,7,359.43,2516.01,PO0001,7,359.43,2516.01,GRN0001,7,MATCH,0
INV0001,23-11-2024,V004,Vendor_4,USD,3,ITM0045,Module assembly component part device gadget module,9,81.96,737.64,PO0001,9,81.96,737.64,GRN0001,9,MATCH,0
INV0001,23-11-2024,V004,Vendor_4,INR,4,ITM0049,Widget module module module component,2,366.22,732.44,PO0001,2,366.22,732.44,GRN0001,2,currency_mismatch,1
INV0001,23-11-2024,V004,Vendor_4,EUR,5,ITM0035,Accessory module assembly,20,443.3,8866.0,PO0001,20,443.3,8866.0,GRN0001,20,currency_mismatch,1
INV0002,04-07-2024,V019,Vendor_19,EUR,1,ITM0046,Widget component component,3,428.38,1285.14,PO0002,3,428.38,1285.14,GRN0002,3,MATCH,0
INV0002,04-07-2024,V019,Vendor_19,EUR,2,ITM0007,Component unit module module gadget component,3,306.52,919.56,PO0002,3,306.52,919.56,GRN0002,3,MATCH,0
INV0002,04-07-2024,V019,Vendor_19,EUR,3,ITM0011,Device gadget module accessory unit unit device,2,135.37,236.76,PO0002,2,118.38,236.76,GRN0002,2,price_mismatch,1
INV0002,04-07-2024,V019,Vendor_19,EUR,4,ITM0003,Module widget accessory unit device,7,329.44,2306.08,PO0002,7,329.44,2306.08,GRN0002,7,MATCH,0
INV0002,04-07-2024,V019,Vendor_19,EUR,5,ITM0026,Gadget gadget device assembly device module,19,202.7,3851.3,PO0002,19,202.7,3851.3,GRN0002,19,MATCH,0
INV0003,22-04-2024,V005,Vendor_5,INR,1,ITM0006,Part gadget gadget,14,300.22,4203.08,PO0003,14,300.22,4203.08,GRN0003,14,MATCH,0
INV0003,22-04-2024,V005,Vendor_5,INR,2,ITM0025,Unit assembly component assembly accessory device,4,342.45,1369.8,PO0003,4,342.45,1369.8,GRN0003,0,grn_not_received,1
INV0003_DUP,22-04-2024,V005,Vendor_5,INR,3,ITM0035,Device module component gadget widget,9,486.08,4374.72,PO0003,9,486.08,4374.72,GRN0003,9,duplicate_invoice,1
INV0003,22-04-2024,V005,Vendor_5,INR,4,ITM0049,Assembly widget unit part,17,306.44,5209.48,PO0003,17,306.44,5209.48,GRN0003,17,MATCH,0
INV0003,22-04-2024,V005,Vendor_5,INR,5,ITM0010,Device assembly part assembly widget,11,246.86,2715.46,PO0003,11,246.86,2715.46,GRN0003,11,MATCH,0
INV0004,27-02-2024,V012,Vendor_12,GBP,1,ITM0016,Component unit widget,16,408.93,6542.88,PO0004,16,408.93,6542.88,GRN0004,16,MATCH,0
INV0004,27-02-2024,V012,Vendor_12,GBP,2,ITM0049,Device gadget assembly assembly component part module,7,496.85,3253.67,PO0004,7,464.81,3253.67,GRN0004,7,price_mismatch,1
INV0004,27-02-2024,V012,Vendor_12,GBP,3,ITM0049,Device module device module,17,228.49,3884.33,PO0004,17,228.49,3884.33,GRN0004,17,MATCH,0
INV0004,27-02-2024,V012,Vendor_12,GBP,4,ITM0016,Widget widget assembly unit,1,40.14,40.14,PO0004,1,40.14,40.14,GRN0004,1,MATCH,0
INV0004,27-02-2024,V012,Vendor_12,GBP,5,ITM0041,Component accessory part,3,259.51,778.53,PO0004,3,259.51,778.53,GRN0004,0,grn_not_received,1
INV0005,22-05-2024,V016,Vendor_16,EUR,1,ITM0035,Device part unit component,16,404.71,6475.36,PO0005,16,404.71,6475.36,GRN0005,16,MATCH,0
INV0005,22-05-2024,V016,Vendor_16,EUR,2,ITM0013,Widget module module,15,432.6,6489.0,PO0005,15,432.6,6489.0,GRN0005,15,MATCH,0
INV0005,22-05-2024,V016,Vendor_16,EUR,3,ITM0004,Widget device part,4,128.08,512.32,PO0005,4,128.08,512.32,GRN0005,4,MATCH,0
INV0005,22-05-2024,V016,Vendor_16,EUR,4,ITM0013,Assembly module component component accessory module part,18,53.46,962.28,PO0005,18,53.46,962.28,GRN0005,18,MATCH,0
INV0005,22-05-2024,V016,Vendor_16,EUR,5,ITM0042,Part accessory accessory part gadget assembly gadget,13,451.71,5872.23,PO0005,13,451.71,5872.23,GRN0005,13,MATCH,0
INV0006,25-03-2024,V013,Vendor_13,USD,1,ITM0025,Accessory part component device device,18,332.63,5987.34,PO0006,18,332.63,5987.34,GRN0006,18,MATCH,0
INV0006,25-03-2024,V013,Vendor_13,USD,2,ITM0032,Gadget gadget widget device,2,375.25,750.5,PO0006,2,375.25,750.5,GRN0006,2,MATCH,0
INV0006,25-03-2024,V013,Vendor_13,USD,3,ITM0004,Unit assembly part,6,33.16,198.96,PO0006,6,33.16,198.96,GRN0006,6,MATCH,0
INV0006,25-03-2024,V013,Vendor_13,USD,4,ITM0033,Part widget widget,8,204.87,1638.96,PO0006,8,204.87,1638.96,GRN0006,8,MATCH,0
INV0006,25-03-2024,V013,Vendor_13,USD,5,ITM0037,Unit widget widget unit,19,263.78,5011.82,PO0006,19,263.78,5011.82,GRN0006,19,MATCH,0
INV0007,13-05-2024,V007,Vendor_7,GBP,1,ITM0016,Module device component component device,3,9.61,28.83,PO0007,3,9.61,28.83,GRN0007,3,item_not_in_po,1
INV0007,13-05-2024,V007,Vendor_7,GBP,2,ITM0040,Accessory widget gadget component accessory part part,12,146.07,1752.84,PO0007,12,146.07,1752.84,GRN0007,12,MATCH,0
INV0007,13-05-2024,V007,Vendor_7,GBP,3,ITM0029,Device unit accessory unit widget part component,4,469.77,1879.08,PO0007,4,469.77,1879.08,GRN0007,4,MATCH,0
INV0007,13-05-2024,V007,Vendor_7,GBP,4,ITM0009,Gadget widget assembly component unit,11,105.78,1163.58,PO0007,11,105.78,1163.58,GRN0007,11,MATCH,0
INV0007,13-05-2024,V007,Vendor_7,GBP,5,ITM0041,Assembly component accessory widget unit,9,26.82,241.38,PO0007,9,26.82,241.38,GRN0007,9,MATCH,0
INV0008,19-06-2024,V005,Vendor_5,GBP,1,ITM0011,Assembly module widget widget part accessory,18,22.83,410.94,PO0008,18,22.83,410.94,GRN0008,18,MATCH,0
INV0008,19-06-2024,V005,Vendor_5,GBP,2,ITM0024,Assembly module widget module accessory accessory widget,12,108.99,1307.88,PO0008,12,108.99,1307.88,GRN0008,12,MATCH,0
INV0008,19-06-2024,V005,Vendor_5,GBP,3,ITM0016,Module unit part,20,375.99,7519.8,PO0008,20,375.99,7519.8,GRN0008,20,MATCH,0
INV0008,19-06-2024,V005,Vendor_5,GBP,4,ITM0016,Accessory part part widget,11,392.28,4315.08,PO0008,11,392.28,4315.08,GRN0008,11,MATCH,0
INV0008,19-06-2024,V005,Vendor_5,GBP,5,ITM0027,Component part widget part,16,115.1,1841.6,PO0008,16,115.1,1841.6,GRN0008,16,MATCH,0
INV0009,23-08-2024,V012,Vendor_12,EUR,1,ITM0015,Widget gadget component part,9,178.82,1609.38,PO0009,9,178.82,1609.38,GRN0009,9,currency_mismatch,1
INV0009,23-08-2024,V012,Vendor_12,GBP,2,ITM0033,Device part component widget part component,19,481.45,9147.55,PO0009,19,481.45,9147.55,GRN0009,19,MATCH,0
INV0009,23-08-2024,V012,Vendor_12,GBP,3,ITM0017,Widget module device,11,221.01,2431.11,PO0009,11,221.01,2431.11,GRN0009,11,MATCH,0
INV0009,23-08-2024,V012,Vendor_12,GBP,4,ITM0033,Module unit component,14,5.84,81.76,PO0009,14,5.84,81.76,GRN0009,14,MATCH,0
INV0009,23-08-2024,V012,Vendor_12,GBP,5,ITM0035,Module widget unit component,11,333.38,3667.18,PO0009,11,333.38,3667.18,GRN0009,11,MATCH,0
INV0010,04-03-2024,V010,Vendor_10,GBP,1,ITM0043,Component device assembly gadget unit module,6,309.68,1858.08,PO0010,6,309.68,1858.08,GRN0010,6,MATCH,0
INV0010,04-03-2024,V010,Vendor_10,GBP,2,ITM0020,Assembly widget component module unit unit,15,223.68,3355.2,PO0010,15,223.68,3355.2,GRN0010,15,MATCH,0
INV0010,04-03-2024,V010,Vendor_10,GBP,3,ITM0044,Assembly part accessory device,3,145.47,436.41,PO0010,3,145.47,436.41,GRN0010,3,MATCH,0
INV0010,04-03-2024,V010,Vendor_10,USD,4,ITM0043,Module part device device component gadget widget,8,492.05,3936.4,PO0010,8,492.05,3936.4,GRN0010,8,currency_mismatch,1
INV0010,04-03-2024,V010,Vendor_10,GBP,5,ITM0040,Assembly part unit,13,249.72,3246.36,PO0010,13,249.72,3246.36,GRN0010,13,MATCH,0
INV0011,04-05-2024,V005,Vendor_5,USD,1,ITM0049,Part gadget part,14,234.95,3994.15,PO0011,17,234.95,3994.15,GRN0011,17,quantity_mismatch,1
INV0011,04-05-2024,V005,Vendor_5,USD,2,ITM0036,Accessory gadget gadget assembly,17,494.01,8398.17,PO0011,17,494.01,8398.17,GRN0011,17,MATCH,0
INV0011,04-05-2024,V005,Vendor_5,USD,3,ITM0039,Accessory accessory unit device assembly,18,225.73,4063.14,PO0011,18,225.73,4063.14,GRN0011,18,MATCH,0
INV0011,04-05-2024,V005,Vendor_5,USD,4,ITM0011,Assembly device part component device assembly,8,140.93,1127.44,PO0011,8,140.93,1127.44,GRN0011,8,MATCH,0
INV0011,04-05-2024,V005,Vendor_5,USD,5,ITM0005,Component module accessory widget gadget,13,348.51,4530.63,PO0011,13,348.51,4530.63,GRN0011,13,MATCH,0
INV0012,27-12-2024,V007,Vendor_7,USD,1,ITM0027,Component assembly widget part module device,1,429.08,429.08,PO0012,1,429.08,429.08,GRN0012,1,MATCH,0
INV0012_DUP,27-12-2024,V007,Vendor_7,USD,2,ITM0049,Module widget module device part accessory module,18,400.93,7216.74,PO0012,18,400.93,7216.74,GRN0012,18,duplicate_invoice,1
INV0012,27-12-2024,V007,Vendor_7,USD,3,ITM0015,Gadget module widget module device module,6,421.05,2526.3,PO0012,6,421.05,2526.3,GRN0012,6,MATCH,0
INV0012,27-12-2024,V007,Vendor_7,USD,4,ITM0009,Assembly accessory unit unit widget module part,6,29.89,179.34,PO0012,6,29.89,179.34,GRN0012,6,MATCH,0
INV0012,27-12-2024,V007,Vendor_7,USD,5,ITM0025,Gadget component device module device,12,129.87,1818.18,PO0012,14,129.87,1818.18,GRN0012,14,quantity_mismatch,1
INV0013,11-02-2024,V016,Vendor_16,USD,1,ITM0048,Widget accessory component widget accessory widget widget,8,103.68,829.44,PO0013,8,103.68,829.44,GRN0013,8,MATCH,0
INV0013,11-02-2024,V016,Vendor_16,USD,2,ITM0002,Gadget gadget device unit gadget device device,6,304.92,1829.52,PO0013,6,304.92,1829.52,GRN0013,6,MATCH,0
INV0013,11-02-2024,V016,Vendor_16,USD,3,ITM0048,Part gadget component,19,17.71,336.49,PO0013,19,17.71,336.49,GRN0013,19,MATCH,0
INV0013,11-02-2024,V016,Vendor_16,USD,4,ITM0020,Device accessory module device widget device unit,4,350.11,1400.44,PO0013,4,350.11,1400.44,GRN0013,4,MATCH,0
INV0013,11-02-2024,V016,Vendor_16,USD,5,ITM0020,Part part unit widget assembly unit widget,11,11.26,123.86,PO0013,11,11.26,123.86,GRN0013,11,MATCH,0
INV0014,03-08-2024,V016,Vendor_16,USD,1,ITM0028,Unit part device module device,9,309.88,2788.92,PO0014,9,309.88,2788.92,GRN0014,9,MATCH,0
INV0014,03-08-2024,V016,Vendor_16,USD,2,ITM0035,Assembly part unit component component accessory,9,441.41,3972.69,PO0014,9,441.41,3972.69,GRN0014,9,MATCH,0
INV0014,03-08-2024,V016,Vendor_16,USD,3,ITM0016,Unit device module assembly component assembly,12,399.93,4799.16,PO0014,12,399.93,4799.16,GRN0014,12,MATCH,0
INV0014,03-08-2024,V016,Vendor_16,USD,4,ITM0022,Part device component widget accessory,3,124.47,373.41,PO0014,3,124.47,373.41,GRN0014,3,MATCH,0
INV0014,03-08-2024,V016,Vendor_16,USD,5,ITM0027,Assembly component assembly device assembly widget,10,114.69,1146.9,PO0014,10,114.69,1146.9,GRN0014,10,MATCH,0
INV0015,20-12-2024,V008,Vendor_8,GBP,1,ITM0043,Module assembly module accessory assembly module assembly,10,129.44,1294.4,PO0015,10,129.44,1294.4,GRN0015,10,MATCH,0
INV0015,20-12-2024,V008,Vendor_8,GBP,2,ITM0008,Component device accessory device,7,112.11,784.77,PO0015,7,112.11,784.77,GRN0015,7,MATCH,0
INV0015,20-12-2024,V008,Vendor_8,GBP,3,ITM0031,Device accessory assembly component widget,7,151.64,1061.48,PO0015,7,151.64,1061.48,GRN0015,7,MATCH,0
INV0015,20-12-2024,V008,Vendor_8,GBP,4,ITM0024,Component device gadget widget,1,278.91,557.82,PO0015,2,278.91,557.82,GRN0015,2,quantity_mismatch,1
INV0015,20-12-2024,V008,Vendor_8,GBP,5,ITM0045,Unit device widget widget,10,237.35,2373.5,PO0015,10,237.35,2373.5,GRN0015,10,MATCH,0
INV0016,13-08-2024,V011,Vendor_11,EUR,1,ITM0004,Accessory assembly part module widget,2,80.1,160.2,PO0016,2,80.1,160.2,GRN0016,2,MATCH,0
INV0016,13-08-2024,V011,Vendor_11,EUR,2,ITM0037,Widget component unit module unit,20,116.72,2334.4,PO0016,20,116.72,2334.4,GRN0016,20,MATCH,0
INV0016,13-08-2024,V011,Vendor_11,EUR,3,ITM0034,Assembly module part accessory component unit,20,480.25,9605.0,PO0016,20,480.25,9605.0,GRN0016,20,MATCH,0
INV0016,13-08-2024,V011,Vendor_11,EUR,4,ITM0007,Unit component widget component,18,42.16,758.88,PO0016,18,42.16,758.88,GRN0016,0,grn_not_received,1
INV0016,13-08-2024,V011,Vendor_11,GBP,5,ITM0001,Assembly unit component component device device,15,40.23,603.45,PO0016,15,40.23,603.45,GRN0016,15,currency_mismatch,1
INV0017,29-04-2024,V009,Vendor_9,EUR,1,ITM0028,Assembly unit accessory,5,40.35,201.75,PO0017,5,40.35,201.75,GRN0017,5,MATCH,0
INV0017_DUP,29-04-2024,V009,Vendor_9,EUR,2,ITM0011,Unit part accessory module assembly,10,351.37,3513.7,PO0017,10,351.37,3513.7,GRN0017,10,duplicate_invoice,1
INV0017,29-04-2024,V009,Vendor_9,EUR,3,ITM0018,Assembly module unit accessory device unit widget,8,481.15,3849.2,PO0017,8,481.15,3849.2,GRN0017,8,MATCH,0
INV0017,29-04-2024,V009,Vendor_9,EUR,4,ITM0037,Accessory accessory device component widget device assembly,15,458.46,6876.9,PO0017,15,458.46,6876.9,GRN0017,15,MATCH,0
INV0017,29-04-2024,V009,Vendor_9,EUR,5,ITM0012,Module part accessory assembly module component widget,6,168.25,1009.5,PO0017,6,168.25,1009.5,GRN0017,6,MATCH,0
INV0018,21-12-2024,V016,Vendor_16,GBP,1,ITM0043,Part assembly assembly component component accessory,13,499.88,5630.69,PO0018,13,433.13,5630.69,GRN0018,13,price_mismatch,1
INV0018,21-12-2024,V016,Vendor_16,GBP,2,ITM0001,Assembly widget assembly unit assembly module widget,9,276.86,2491.74,PO0018,9,276.86,2491.74,GRN0018,9,MATCH,0
INV0018,21-12-2024,V016,Vendor_16,GBP,3,ITM0019,Part assembly widget unit part device,10,277.67,2776.7,PO0018,10,277.67,2776.7,GRN0018,10,MATCH,0
INV0018,21-12-2024,V016,Vendor_16,GBP,4,ITM0036,Widget accessory accessory assembly gadget part,16,466.66,7466.56,PO0018,16,466.66,7466.56,GRN0018,16,MATCH,0
INV0018,21-12-2024,V016,Vendor_16,GBP,5,ITM0019,Device module assembly assembly assembly gadget gadget,20,256.58,5131.6,PO0018,20,256.58,5131.6,GRN0018,20,MATCH,0
INV0019,10-03-2024,V003,Vendor_3,GBP,1,ITM0050,Module part component widget device part,21,499.46,9489.74,PO0019,19,499.46,9489.74,GRN0019,19,quantity_mismatch,1
INV0019,10-03-2024,V003,Vendor_3,GBP,2,ITM0032,Assembly assembly component device,13,230.4,2995.2,PO0019,13,230.4,2995.2,GRN0019,13,MATCH,0
INV0019,10-03-2024,V003,Vendor_3,GBP,3,ITM0021,Accessory component module part,14,26.61,372.54,PO0019,14,26.61,372.54,GRN0019,14,MATCH,0
INV0019,10-03-2024,V003,Vendor_3,GBP,4,ITM0048,Device part module unit part accessory,16,482.59,7721.44,PO0019,16,482.59,7721.44,GRN0019,16,MATCH,0
INV0019,10-03-2024,V003,Vendor_3,GBP,5,ITM0009,Accessory component widget part widget accessory widget,5,224.6,1039.7,PO0019,5,207.94,1039.7,GRN0019,5,price_mismatch,1
INV0020,01-12-2024,V005,Vendor_5,USD,1,ITM0031,Module device unit part part,18,193.1,3475.8,PO0020,18,193.1,3475.8,GRN0020,18,MATCH,0
INV0020,01-12-2024,V005,Vendor_5,USD,2,ITM0021,Part widget widget unit accessory accessory,3,219.82,659.46,PO0020,3,219.82,659.46,GRN0020,3,MATCH,0
INV0020,01-12-2024,V005,Vendor_5,USD,3,ITM0007,Module device accessory,2,165.57,331.14,PO0020,2,165.57,331.14,GRN0020,2,MATCH,0
INV0020,01-12-2024,V005,Vendor_5,USD,4,ITM0004,Module module component module device,6,89.14,534.84,PO0020,6,89.14,534.84,GRN0020,6,MATCH,0
INV0020,01-12-2024,V005,Vendor_5,USD,5,ITM0006,Part unit component accessory gadget assembly component,9,335.09,3015.81,PO0020,9,335.09,3015.81,GRN0020,9,MATCH,0
INV0021,26-08-2024,V010,Vendor_10,EUR,1,ITM0005,Accessory accessory component accessory device assembly,10,103.61,1036.1,PO0021,10,103.61,1036.1,GRN0021,10,MATCH,0
INV0021,26-08-2024,V010,Vendor_10,EUR,2,ITM0025,Widget module module component device widget,13,140.87,1831.31,PO0021,13,140.87,1831.31,GRN0021,13,MATCH,0
INV0021,26-08-2024,V010,Vendor_10,EUR,3,ITM0037,Accessory device part,10,388.99,3889.9,PO0021,10,388.99,3889.9,GRN0021,0,grn_not_received,1
INV0021,26-08-2024,V010,Vendor_10,INR,4,ITM0015,Part gadget gadget component device device device,5,315.98,1579.9,PO0021,5,315.98,1579.9,GRN0021,5,currency_mismatch,1
INV0021_DUP,26-08-2024,V010,Vendor_10,EUR,5,ITM0041,Component module unit,5,49.62,248.1,PO0021,5,49.62,248.1,GRN0021,5,duplicate_invoice,1
INV0022,31-05-2024,V011,Vendor_11,INR,1,ITM0012,Gadget assembly accessory assembly,9,416.08,3744.72,PO0022,9,416.08,3744.72,GRN0022,9,MATCH,0
INV0022,31-05-2024,V011,Vendor_11,INR,2,ITM0017,Accessory component part part assembly widget,8,430.77,3446.16,PO0022,8,430.77,3446.16,GRN0022,8,MATCH,0
INV0022,31-05-2024,V011,Vendor_11,INR,3,ITM0047,Accessory part module part widget assembly,15,187.45,2811.75,PO0022,15,187.45,2811.75,GRN0022,15,MATCH,0
INV0022,31-05-2024,V011,Vendor_11,INR,4,ITM0048,Unit part accessory widget component,1,311.68,311.68,PO0022,1,311.68,311.68,GRN0022,1,MATCH,0
INV0022,31-05-2024,V011,Vendor_11,INR,5,ITM0036,Accessory gadget widget part accessory,10,326.37,3263.7,PO0022,10,326.37,3263.7,GRN0022,10,MATCH,0
INV0023,29-02-2024,V005,Vendor_5,USD,1,ITM0003,Accessory gadget component assembly module,12,336.89,4042.68,PO0023,12,336.89,4042.68,GRN0023,12,MATCH,0
INV0023,29-02-2024,V005,Vendor_5,USD,2,ITM0048,Module device gadget module widget assembly module,9,21.19,190.71,PO0023,9,21.19,190.71,GRN0023,9,MATCH,0
INV0023,29-02-2024,V005,Vendor_5,USD,3,ITM0024,Module accessory part widget,12,274.51,3294.12,PO0023,12,274.51,3294.12,GRN0023,12,MATCH,0
INV0023,29-02-2024,V005,Vendor_5,USD,4,ITM0042,Widget component accessory accessory part,3,333.07,999.21,PO0023,3,333.07,999.21,GRN0023,3,MATCH,0
INV0023,29-02-2024,V005,Vendor_5,USD,5,ITM0042,Accessory widget module accessory part gadget part,18,107.54,1935.72,PO0023,18,107.54,1935.72,GRN0023,18,MATCH,0
INV0024,20-04-2024,V008,Vendor_8,GBP,1,ITM0050,Part unit component accessory,5,272.41,1362.05,PO0024,5,272.41,1362.05,GRN0024,5,MATCH,0
INV0024,20-04-2024,V008,Vendor_8,GBP,2,ITM0012,Unit widget widget,8,296.48,2371.84,PO0024,8,296.48,2371.84,GRN0024,8,item_not_in_po,1
INV0024_DUP,20-04-2024,V008,Vendor_8,GBP,3,ITM0002,Component gadget module gadget,3,240.74,722.22,PO0024,3,240.74,722.22,GRN0024,3,duplicate_invoice,1
INV0024,20-04-2024,V008,Vendor_8,GBP,4,ITM0050,Assembly widget assembly accessory widget,17,154.31,2623.27,PO0024,17,154.31,2623.27,GRN0024,17,MATCH,0
INV0024,20-04-2024,V008,Vendor_8,INR,5,ITM0042,Widget assembly module,4,247.68,990.72,PO0024,4,247.68,990.72,GRN0024,4,currency_mismatch,1
INV0025,15-08-2024,V003,Vendor_3,EUR,1,ITM0021,Gadget gadget unit unit device module unit,10,229.59,2295.9,PO0025,10,229.59,2295.9,GRN0025,10,currency_mismatch,1
INV0025,15-08-2024,V003,Vendor_3,USD,2,ITM0039,Widget device part unit device device,7,217.88,1525.16,PO0025,7,217.88,1525.16,GRN0025,7,MATCH,0
INV0025,15-08-2024,V003,Vendor_3,USD,3,ITM0015,Module assembly module widget module unit,12,477.03,5724.36,PO0025,12,477.03,5724.36,GRN0025,12,MATCH,0
INV0025,15-08-2024,V003,Vendor_3,USD,4,ITM0044,Widget part widget widget device part,18,34.69,624.42,PO0025,18,34.69,624.42,GRN0025,18,MATCH,0
INV0025,15-08-2024,V003,Vendor_3,USD,5,ITM0036,Component gadget module unit device part device,10,336.14,3022.0,PO0025,10,302.2,3022.0,GRN0025,10,price_mismatch,1
INV0026,29-06-2024,V004,Vendor_4,EUR,1,ITM0010,Component widget part module device unit,14,423.35,5926.9,PO0026,14,423.35,5926.9,GRN0026,14,MATCH,0
INV0026,29-06-2024,V004,Vendor_4,EUR,2,ITM0050,Unit unit widget accessory part component gadget,10,461.16,4611.6,PO0026,10,461.16,4611.6,GRN0026,10,MATCH,0
INV0026_DUP,29-06-2024,V004,Vendor_4,EUR,3,ITM0023,Gadget gadget unit,3,75.23,225.69,PO0026,3,75.23,225.69,GRN0026,3,duplicate_invoice,1
INV0026,29-06-2024,V004,Vendor_4,EUR,4,ITM0041,Widget assembly module,15,173.74,2606.1,PO0026,15,173.74,2606.1,GRN0026,15,MATCH,0
INV0026,29-06-2024,V004,Vendor_4,EUR,5,ITM0024,Device device unit widget widget,6,378.45,2270.7,PO0026,6,378.45,2270.7,GRN0026,6,MATCH,0
INV0027,26-01-2024,V003,Vendor_3,GBP,1,ITM0029,Assembly module component device gadget module,10,340.72,3407.2,PO0027,10,340.72,3407.2,GRN0027,10,MATCH,0
INV0027,26-01-2024,V003,Vendor_3,GBP,2,ITM0038,Assembly component gadget accessory widget gadget,7,455.13,2693.88,PO0027,7,384.84,2693.88,GRN0027,7,price_mismatch,1
INV0027,26-01-2024,V003,Vendor_3,GBP,3,ITM0049,Component gadget assembly module gadget,18,353.32,6359.76,PO0027,18,353.32,6359.76,GRN0027,18,MATCH,0
INV0027,26-01-2024,V003,Vendor_3,GBP,4,ITM0033,Part part widget part widget widget accessory,11,290.0,3190.0,PO0027,11,290.0,3190.0,GRN0027,11,MATCH,0
INV0027,26-01-2024,V003,Vendor_3,GBP,5,ITM0037,Device module gadget widget component part,20,232.75,4655.0,PO0027,20,232.75,4655.0,GRN0027,20,MATCH,0
INV0028,19-12-2024,V012,Vendor_12,USD,1,ITM0028,Component unit assembly,13,435.91,5666.83,PO0028,13,435.91,5666.83,GRN0028,13,MATCH,0
INV0028,19-12-2024,V012,Vendor_12,USD,2,ITM0048,Gadget part widget unit assembly,7,453.43,3174.01,PO0028,7,453.43,3174.01,GRN0028,7,MATCH,0
INV0028,19-12-2024,V012,Vendor_12,USD,3,ITM0023,Device part part component gadget,7,90.88,636.16,PO0028,7,90.88,636.16,GRN0028,7,MATCH,0
INV0028,19-12-2024,V012,Vendor_12,USD,4,ITM0010,Gadget device assembly,19,381.14,7241.66,PO0028,19,381.14,7241.66,GRN0028,19,MATCH,0
INV0028,19-12-2024,V012,Vendor_12,USD,5,ITM0029,Unit accessory component accessory component module assembly,10,399.18,3991.8,PO0028,10,399.18,3991.8,GRN0028,10,item_not_in_po,1
INV0029,29-10-2024,V002,Vendor_2,GBP,1,ITM0033,Component assembly widget,10,49.94,429.8,PO0029,10,42.98,429.8,GRN0029,10,price_mismatch,1
INV0029,29-10-2024,V002,Vendor_2,GBP,2,ITM0006,Unit module unit accessory device widget accessory,19,327.66,6225.54,PO0029,19,327.66,6225.54,GRN0029,19,MATCH,0
INV0029,29-10-2024,V002,Vendor_2,GBP,3,ITM0021,Assembly gadget widget widget accessory module device,17,324.83,5522.11,PO0029,17,324.83,5522.11,GRN0029,17,item_not_in_po,1
INV0029,29-10-2024,V002,Vendor_2,GBP,4,ITM0003,Device accessory assembly unit,12,209.88,2274.72,PO0029,12,189.56,2274.72,GRN0029,12,price_mismatch,1
INV0029,29-10-2024,V002,Vendor_2,GBP,5,ITM0019,Module module unit part unit widget,4,281.19,1124.76,PO0029,4,281.19,1124.76,GRN0029,4,MATCH,0
INV0030,16-07-2024,V010,Vendor_10,GBP,1,ITM0047,Part module unit gadget module accessory device,13,68.83,894.79,PO0030,13,68.83,894.79,GRN0030,13,MATCH,0
INV0030,16-07-2024,V010,Vendor_10,GBP,2,ITM0046,Component module part,5,336.71,1683.55,PO0030,5,336.71,1683.55,GRN0030,5,MATCH,0
INV0030,16-07-2024,V010,Vendor_10,GBP,3,ITM0048,Widget device assembly widget component accessory module,16,100.04,1600.64,PO0030,16,100.04,1600.64,GRN0030,16,MATCH,0
INV0030,16-07-2024,V010,Vendor_10,GBP,4,ITM0009,Widget part widget device,17,26.49,402.73,PO0030,17,23.69,402.73,GRN0030,17,price_mismatch,1
INV0030,16-07-2024,V010,Vendor_10,GBP,5,ITM0022,Gadget module gadget part device part gadget,15,28.99,399.45,PO0030,15,26.63,399.45,GRN0030,15,price_mismatch,1
INV0031,05-07-2024,V008,Vendor_8,USD,1,ITM0040,Device part component component accessory,16,452.47,7239.52,PO0031,16,452.47,7239.52,GRN0031,16,currency_mismatch,1
INV0031,05-07-2024,V008,Vendor_8,INR,2,ITM0013,Device unit module device part,17,266.09,4523.53,PO0031,17,266.09,4523.53,GRN0031,17,MATCH,0
INV0031,05-07-2024,V008,Vendor_8,INR,3,ITM0011,Part gadget component unit,12,279.5,3354.0,PO0031,12,279.5,3354.0,GRN0031,12,MATCH,0
INV0031,05-07-2024,V008,Vendor_8,INR,4,ITM0007,Part component device component accessory gadget module,8,409.27,3274.16,PO0031,8,409.27,3274.16,GRN0031,8,MATCH,0
INV0031,05-07-2024,V008,Vendor_8,INR,5,ITM0023,Module module module,13,497.29,6464.77,PO0031,13,497.29,6464.77,GRN0031,13,item_not_in_po,1
INV0032,10-07-2024,V008,Vendor_8,USD,1,ITM0021,Part unit part,5,23.96,119.8,PO0032,5,23.96,119.8,GRN0032,5,MATCH,0
INV0032,10-07-2024,V008,Vendor_8,USD,2,ITM0031,Device assembly unit accessory,1,131.68,131.68,PO0032,1,131.68,131.68,GRN0032,1,MATCH,0
INV0032,10-07-2024,V008,Vendor_8,USD,3,ITM0010,Accessory unit module device component gadget component,20,231.27,4625.4,PO0032,20,231.27,4625.4,GRN0032,20,MATCH,0
INV0032,10-07-2024,V008,Vendor_8,GBP,4,ITM0008,Unit widget assembly component gadget module,20,179.64,3592.8,PO0032,20,179.64,3592.8,GRN0032,20,currency_mismatch,1
INV0032,10-07-2024,V008,Vendor_8,USD,5,ITM0037,Gadget device assembly module accessory assembly,17,279.31,4748.27,PO0032,17,279.31,4748.27,GRN0032,17,MATCH,0
INV0033,18-07-2024,V016,Vendor_16,USD,1,ITM0041,Accessory component widget part module device,4,386.89,1547.56,PO0033,4,386.89,1547.56,GRN0033,4,MATCH,0
INV0033,18-07-2024,V016,Vendor_16,USD,2,ITM0048,Gadget module module unit part,15,490.51,7357.65,PO0033,15,490.51,7357.65,GRN0033,15,MATCH,0
INV0033,18-07-2024,V016,Vendor_16,USD,3,ITM0031,Part widget device assembly,10,104.79,1047.9,PO0033,10,104.79,1047.9,GRN0033,10,MATCH,0
INV0033,18-07-2024,V016,Vendor_16,USD,4,ITM0013,Component component module,18,239.33,4307.94,PO0033,18,239.33,4307.94,GRN0033,18,MATCH,0
INV0033,18-07-2024,V016,Vendor_16,USD,5,ITM0003,Component part widget unit,9,71.86,599.58,PO0033,9,66.62,599.58,GRN0033,9,price_mismatch,1
INV0034,07-07-2024,V014,Vendor_14,INR,1,ITM0048,Accessory module accessory assembly assembly accessory,15,137.03,2329.51,PO0034,17,137.03,2329.51,GRN0034,17,quantity_mismatch,1
INV0034,07-07-2024,V014,Vendor_14,INR,2,ITM0006,Widget unit part assembly component widget,10,156.72,1567.2,PO0034,10,156.72,1567.2,GRN0034,10,MATCH,0
INV0034,07-07-2024,V014,Vendor_14,INR,3,ITM0039,Gadget module assembly device accessory unit,14,167.69,1972.6,PO0034,14,140.9,1972.6,GRN0034,14,price_mismatch,1
INV0034,07-07-2024,V014,Vendor_14,INR,4,ITM0004,Device module assembly,6,476.63,2859.78,PO0034,6,476.63,2859.78,GRN0034,6,MATCH,0
INV0034,07-07-2024,V014,Vendor_14,INR,5,ITM0010,Device module gadget component unit module accessory,2,304.52,609.04,PO0034,2,304.52,609.04,GRN0034,2,MATCH,0
INV0035,13-12-2024,V015,Vendor_15,GBP,1,ITM0024,Device unit assembly module unit component,4,17.83,71.32,PO0035,4,17.83,71.32,GRN0035,4,MATCH,0
INV0035,13-12-2024,V015,Vendor_15,GBP,2,ITM0012,Assembly accessory gadget device device gadget,20,146.36,2927.2,PO0035,20,146.36,2927.2,GRN0035,20,MATCH,0
INV0035,13-12-2024,V015,Vendor_15,GBP,3,ITM0032,Gadget part assembly accessory,15,498.64,7479.6,PO0035,15,498.64,7479.6,GRN0035,15,MATCH,0
INV0035,13-12-2024,V015,Vendor_15,USD,4,ITM0044,Device device assembly component component,6,357.35,2144.1,PO0035,6,357.35,2144.1,GRN0035,6,currency_mismatch,1
INV0035,13-12-2024,V015,Vendor_15,GBP,5,ITM0045,Part assembly gadget gadget,5,122.18,610.9,PO0035,5,122.18,610.9,GRN0035,5,MATCH,0
INV0036,09-09-2024,V001,Vendor_1,GBP,1,ITM0036,Module part assembly unit widget component accessory,16,265.22,4243.52,PO0036,16,265.22,4243.52,GRN0036,16,MATCH,0
INV0036,09-09-2024,V001,Vendor_1,GBP,2,ITM0050,Part widget accessory unit assembly device,12,68.53,822.36,PO0036,12,68.53,822.36,GRN0036,12,MATCH,0
INV0036,09-09-2024,V001,Vendor_1,GBP,3,ITM0050,Unit gadget accessory module accessory widget gadget,5,155.54,777.7,PO0036,5,155.54,777.7,GRN0036,5,MATCH,0
INV0036,09-09-2024,V001,Vendor_1,GBP,4,ITM0011,Accessory component accessory assembly component,3,129.05,387.15,PO0036,3,129.05,387.15,GRN0036,3,MATCH,0
INV0036,09-09-2024,V001,Vendor_1,GBP,5,ITM0041,Component unit unit widget unit unit unit,6,331.07,1986.42,PO0036,6,331.07,1986.42,GRN0036,6,MATCH,0
INV0037,05-11-2024,V011,Vendor_11,USD,1,ITM0002,Widget unit unit,7,384.64,2692.48,PO0037,7,384.64,2692.48,GRN0037,7,MATCH,0
INV0037,05-11-2024,V011,Vendor_11,USD,2,ITM0027,Unit assembly unit component accessory assembly part,13,152.23,1978.99,PO0037,13,152.23,1978.99,GRN0037,13,MATCH,0
INV0037,05-11-2024,V011,Vendor_11,USD,3,ITM0005,Gadget module assembly,11,305.3,3358.3,PO0037,11,305.3,3358.3,GRN0037,11,MATCH,0
INV0037,05-11-2024,V011,Vendor_11,USD,4,ITM0021,Device part accessory gadget module,18,57.56,1036.08,PO0037,18,57.56,1036.08,GRN0037,18,MATCH,0
INV0037,05-11-2024,V011,Vendor_11,USD,5,ITM0016,Gadget assembly gadget widget accessory part,14,127.89,1790.46,PO0037,14,127.89,1790.46,GRN0037,14,MATCH,0
INV0038,22-03-2024,V011,Vendor_11,GBP,1,ITM0013,Assembly assembly assembly component,1,49.57,49.57,PO0038,1,49.57,49.57,GRN0038,1,MATCH,0
INV0038,22-03-2024,V011,Vendor_11,GBP,2,ITM0026,Assembly component unit widget component unit part,16,146.45,2343.2,PO0038,16,146.45,2343.2,GRN0038,16,MATCH,0
INV0038,22-03-2024,V011,Vendor_11,GBP,3,ITM0001,Module part device,13,186.14,2419.82,PO0038,13,186.14,2419.82,GRN0038,13,MATCH,0
INV0038,22-03-2024,V011,Vendor_11,GBP,4,ITM0026,Unit gadget assembly,3,196.24,588.72,PO0038,3,196.24,588.72,GRN0038,3,MATCH,0
INV0038_DUP,22-03-2024,V011,Vendor_11,GBP,5,ITM0029,Component accessory device gadget accessory module part,11,281.13,3092.43,PO0038,11,281.13,3092.43,GRN0038,11,duplicate_invoice,1
INV0039,06-07-2024,V005,Vendor_5,EUR,1,ITM0039,Module widget widget device part assembly gadget,17,74.19,1261.23,PO0039,17,74.19,1261.23,GRN0039,17,MATCH,0
INV0039,06-07-2024,V005,Vendor_5,EUR,2,ITM0040,Gadget accessory device component module,17,268.51,4564.67,PO0039,17,268.51,4564.67,GRN0039,17,item_not_in_po,1
INV0039,06-07-2024,V005,Vendor_5,EUR,3,ITM0046,Component part module device accessory unit part,1,300.47,300.47,PO0039,1,300.47,300.47,GRN0039,1,MATCH,0
INV0039,06-07-2024,V005,Vendor_5,EUR,4,ITM0017,Unit device unit gadget unit unit part,5,411.72,2058.6,PO0039,5,411.72,2058.6,GRN0039,5,MATCH,0
INV0039,06-07-2024,V005,Vendor_5,EUR,5,ITM0016,Unit device gadget,15,160.28,2404.2,PO0039,15,160.28,2404.2,GRN0039,15,MATCH,0
INV0040,18-03-2024,V014,Vendor_14,EUR,1,ITM0027,Device accessory part device widget gadget gadget,11,499.07,5489.77,PO0040,11,499.07,5489.77,GRN0040,11,MATCH,0
INV0040,18-03-2024,V014,Vendor_14,EUR,2,ITM0031,Module accessory assembly assembly assembly device part,9,306.99,2762.91,PO0040,9,306.99,2762.91,GRN0040,9,MATCH,0
INV0040,18-03-2024,V014,Vendor_14,EUR,3,ITM0013,Component component accessory accessory,10,353.93,3539.3,PO0040,10,353.93,3539.3,GRN0040,10,MATCH,0
INV0040,18-03-2024,V014,Vendor_14,EUR,4,ITM0045,Component module accessory part component gadget,18,192.95,3473.1,PO0040,18,192.95,3473.1,GRN0040,18,MATCH,0
INV0040,18-03-2024,V014,Vendor_14,EUR,5,ITM0026,Accessory part component component device,12,462.38,5548.56,PO0040,12,462.38,5548.56,GRN0040,12,MATCH,0
INV0041,01-12-2024,V009,Vendor_9,INR,1,ITM0014,Part component unit component,3,309.76,1239.04,PO0041,4,309.76,1239.04,GRN0041,4,quantity_mismatch,1
INV0041,01-12-2024,V009,Vendor_9,INR,2,ITM0038,Component device assembly unit,2,54.6,109.2,PO0041,2,54.6,109.2,GRN0041,2,MATCH,0
INV0041,01-12-2024,V009,Vendor_9,INR,3,ITM0022,Widget device widget assembly accessory module,16,241.34,3861.44,PO0041,16,241.34,3861.44,GRN0041,16,MATCH,0
INV0041,01-12-2024,V009,Vendor_9,INR,4,ITM0013,Component unit accessory widget unit,18,370.65,6671.7,PO0041,18,370.65,6671.7,GRN0041,18,MATCH,0
INV0041,01-12-2024,V009,Vendor_9,INR,5,ITM0003,Module part accessory widget,13,433.86,5135.52,PO0041,13,395.04,5135.52,GRN0041,13,price_mismatch,1
INV0042,05-04-2024,V010,Vendor_10,USD,1,ITM0001,Unit widget accessory component accessory,18,264.54,4761.72,PO0042,18,264.54,4761.72,GRN0042,18,MATCH,0
INV0042,05-04-2024,V010,Vendor_10,USD,2,ITM0009,Assembly gadget gadget gadget assembly component gadget,11,396.43,4360.73,PO0042,11,396.43,4360.73,GRN0042,11,MATCH,0
INV0042,05-04-2024,V010,Vendor_10,USD,3,ITM0037,Gadget part accessory part,17,167.32,2844.44,PO0042,17,167.32,2844.44,GRN0042,17,MATCH,0
INV0042,05-04-2024,V010,Vendor_10,USD,4,ITM0026,Gadget gadget component,8,8.38,67.04,PO0042,8,8.38,67.04,GRN0042,8,MATCH,0
INV0042,05-04-2024,V010,Vendor_10,USD,5,ITM0025,Assembly component component unit,19,10.66,202.54,PO0042,19,10.66,202.54,GRN0042,19,MATCH,0
INV0043,30-11-2024,V012,Vendor_12,EUR,1,ITM0004,Assembly gadget device,10,346.69,3466.9,PO0043,10,346.69,3466.9,GRN0043,10,item_not_in_po,1
INV0043,30-11-2024,V012,Vendor_12,EUR,2,ITM0041,Module gadget accessory assembly assembly,20,189.94,3798.8,PO0043,20,189.94,3798.8,GRN0043,20,MATCH,0
INV0043,30-11-2024,V012,Vendor_12,EUR,3,ITM0045,Accessory device part part device device unit,3,265.13,795.39,PO0043,3,265.13,795.39,GRN0043,3,item_not_in_po,1
INV0043,30-11-2024,V012,Vendor_12,EUR,4,ITM0034,Widget unit widget assembly assembly,19,270.65,5142.35,PO0043,19,270.65,5142.35,GRN0043,19,MATCH,0
INV0043,30-11-2024,V012,Vendor_12,EUR,5,ITM0011,Part module device device assembly,17,225.51,3833.67,PO0043,17,225.51,3833.67,GRN0043,17,MATCH,0
INV0044,29-01-2024,V015,Vendor_15,EUR,1,ITM0033,Assembly widget assembly part device module,1,374.17,374.17,PO0044,1,374.17,374.17,GRN0044,1,MATCH,0
INV0044,29-01-2024,V015,Vendor_15,EUR,2,ITM0038,Widget module widget,2,467.62,935.24,PO0044,2,467.62,935.24,GRN0044,2,MATCH,0
INV0044,29-01-2024,V015,Vendor_15,EUR,3,ITM0005,Widget module device device accessory unit,14,190.36,2665.04,PO0044,14,190.36,2665.04,GRN0044,14,MATCH,0
INV0044,29-01-2024,V015,Vendor_15,EUR,4,ITM0025,Part accessory module device unit assembly,12,63.72,764.64,PO0044,12,63.72,764.64,GRN0044,0,grn_not_received,1
INV0044,29-01-2024,V015,Vendor_15,EUR,5,ITM0035,Assembly device component widget widget component,18,228.9,3868.92,PO0044,18,214.94,3868.92,GRN0044,18,price_mismatch,1
INV0045,13-07-2024,V008,Vendor_8,EUR,1,ITM0030,Gadget gadget part device widget,14,309.39,4331.46,PO0045,14,309.39,4331.46,GRN0045,14,MATCH,0
INV0045_DUP,13-07-2024,V008,Vendor_8,EUR,2,ITM0002,Gadget widget widget unit,2,126.14,252.28,PO0045,2,126.14,252.28,GRN0045,2,duplicate_invoice,1
INV0045,13-07-2024,V008,Vendor_8,EUR,3,ITM0003,Module assembly device device gadget accessory,8,408.81,3270.48,PO0045,8,408.81,3270.48,GRN0045,8,item_not_in_po,1
INV0045,13-07-2024,V008,Vendor_8,EUR,4,ITM0047,Component unit device component component gadget unit,8,209.71,1677.68,PO0045,8,209.71,1677.68,GRN0045,8,MATCH,0
INV0045,13-07-2024,V008,Vendor_8,EUR,5,ITM0018,Unit unit device,6,314.87,1889.22,PO0045,6,314.87,1889.22,GRN0045,6,MATCH,0
INV0046,06-08-2024,V018,Vendor_18,INR,1,ITM0004,Accessory device part component module,5,153.44,767.2,PO0046,5,153.44,767.2,GRN0046,5,MATCH,0
INV0046,06-08-2024,V018,Vendor_18,INR,2,ITM0012,Assembly part component device part accessory unit,14,280.86,3932.04,PO0046,14,280.86,3932.04,GRN0046,14,MATCH,0
INV0046,06-08-2024,V018,Vendor_18,INR,3,ITM0009,Component gadget unit accessory part widget,7,30.51,213.57,PO0046,7,30.51,213.57,GRN0046,7,MATCH,0
INV0046,06-08-2024,V018,Vendor_18,INR,4,ITM0025,Unit part gadget device device unit assembly,11,155.08,1705.88,PO0046,11,155.08,1705.88,GRN0046,11,MATCH,0
INV0046,06-08-2024,V018,Vendor_18,INR,5,ITM0001,Accessory accessory gadget accessory,16,523.56,7322.4,PO0046,16,457.65,7322.4,GRN0046,16,price_mismatch,1
INV0047,22-12-2024,V020,Vendor_20,EUR,1,ITM0026,Assembly device module assembly,12,157.67,1892.04,PO0047,12,157.67,1892.04,GRN0047,12,MATCH,0
INV0047,22-12-2024,V020,Vendor_20,EUR,2,ITM0024,Part assembly part device device component gadget,11,209.9,2308.9,PO0047,11,209.9,2308.9,GRN0047,11,MATCH,0
INV0047,22-12-2024,V020,Vendor_20,EUR,3,ITM0037,Device widget assembly unit,14,151.12,2115.68,PO0047,14,151.12,2115.68,GRN0047,14,MATCH,0
INV0047,22-12-2024,V020,Vendor_20,EUR,4,ITM0013,Component unit component assembly accessory,11,132.38,1456.18,PO0047,11,132.38,1456.18,GRN0047,11,MATCH,0
INV0047,22-12-2024,V020,Vendor_20,EUR,5,ITM0032,Assembly device module gadget assembly gadget,18,495.21,8913.78,PO0047,18,495.21,8913.78,GRN0047,18,MATCH,0
INV0048,31-01-2024,V017,Vendor_17,USD,1,ITM0005,Device module part,8,38.64,309.12,PO0048,8,38.64,309.12,GRN0048,8,MATCH,0
INV0048,31-01-2024,V017,Vendor_17,USD,2,ITM0010,Gadget assembly widget,20,456.81,9136.2,PO0048,20,456.81,9136.2,GRN0048,0,grn_not_received,1
INV0048,31-01-2024,V017,Vendor_17,USD,3,ITM0043,Widget assembly module widget device assembly,10,13.49,134.9,PO0048,10,13.49,134.9,GRN0048,10,MATCH,0
INV0048,31-01-2024,V017,Vendor_17,USD,4,ITM0045,Part accessory widget widget gadget gadget,17,129.95,2209.15,PO0048,17,129.95,2209.15,GRN0048,17,MATCH,0
INV0048,31-01-2024,V017,Vendor_17,USD,5,ITM0023,Part widget accessory assembly component,8,153.49,1227.92,PO0048,8,153.49,1227.92,GRN0048,8,MATCH,0
INV0049,11-02-2024,V002,Vendor_2,USD,1,ITM0026,Module assembly unit device widget part,11,285.1,3136.1,PO0049,11,285.1,3136.1,GRN0049,11,MATCH,0
INV0049,11-02-2024,V002,Vendor_2,USD,2,ITM0007,Accessory component accessory device unit component accessory,9,450.16,4051.44,PO0049,9,450.16,4051.44,GRN0049,9,MATCH,0
INV0049,11-02-2024,V002,Vendor_2,USD,3,ITM0037,Gadget part widget,7,295.58,2069.06,PO0049,7,295.58,2069.06,GRN0049,7,MATCH,0
INV0049,11-02-2024,V002,Vendor_2,USD,4,ITM0049,Accessory component unit unit part device,18,169.21,3045.78,PO0049,18,169.21,3045.78,GRN0049,18,MATCH,0
INV0049,11-02-2024,V002,Vendor_2,USD,5,ITM0049,Part device widget device,12,31.58,378.96,PO0049,12,31.58,378.96,GRN0049,12,MATCH,0
INV0050,11-08-2024,V008,Vendor_8,USD,1,ITM0022,Device accessory module device widget component accessory,16,117.93,1886.88,PO0050,16,117.93,1886.88,GRN0050,16,item_not_in_po,1
INV0050,11-08-2024,V008,Vendor_8,USD,2,ITM0036,Module device unit widget unit part,3,45.61,136.83,PO0050,3,45.61,136.83,GRN0050,3,MATCH,0
INV0050,11-08-2024,V008,Vendor_8,USD,3,ITM0010,Device unit device component widget widget,10,225.14,2251.4,PO0050,10,225.14,2251.4,GRN0050,10,MATCH,0
INV0050,11-08-2024,V008,Vendor_8,USD,4,ITM0049,Widget widget module unit assembly,4,21.22,72.0,PO0050,4,18.0,72.0,GRN0050,4,price_mismatch,1
INV0050,11-08-2024,V008,Vendor_8,USD,5,ITM0023,Widget unit component module component module widget,18,453.08,8155.44,PO0050,18,453.08,8155.44,GRN0050,18,MATCH,0
INV0051,04-05-2024,V019,Vendor_19,EUR,1,ITM0044,Gadget component component gadget gadget component,10,244.69,2446.9,PO0051,10,244.69,2446.9,GRN0051,10,MATCH,0
INV0051,04-05-2024,V019,Vendor_19,EUR,2,ITM0005,Component component unit unit gadget,4,72.07,288.28,PO0051,4,72.07,288.28,GRN0051,4,MATCH,0
INV0051,04-05-2024,V019,Vendor_19,EUR,3,ITM0001,Component unit part component module part,20,72.38,1447.6,PO0051,20,72.38,1447.6,GRN0051,20,MATCH,0
INV0051,04-05-2024,V019,Vendor_19,EUR,4,ITM0021,Accessory gadget component accessory accessory component device,16,484.04,7744.64,PO0051,16,484.04,7744.64,GRN0051,16,MATCH,0
INV0051,04-05-2024,V019,Vendor_19,EUR,5,ITM0016,Module part module gadget unit,19,498.65,9474.35,PO0051,19,498.65,9474.35,GRN0051,19,MATCH,0
INV0052,02-04-2024,V018,Vendor_18,USD,1,ITM0047,Accessory gadget part part widget part,16,338.12,4733.68,PO0052,14,338.12,4733.68,GRN0052,14,quantity_mismatch,1
INV0052,02-04-2024,V018,Vendor_18,USD,2,ITM0009,Component unit device part widget,20,242.22,4844.4,PO0052,20,242.22,4844.4,GRN0052,20,MATCH,0
INV0052,02-04-2024,V018,Vendor_18,USD,3,ITM0026,Assembly accessory device assembly part module accessory,18,298.94,5380.92,PO0052,18,298.94,5380.92,GRN0052,18,MATCH,0
INV0052,02-04-2024,V018,Vendor_18,USD,4,ITM0006,Device unit module,20,26.93,538.6,PO0052,20,26.93,538.6,GRN0052,20,MATCH,0
INV0052,02-04-2024,V018,Vendor_18,USD,5,ITM0042,Accessory component part widget widget gadget,17,281.21,4780.57,PO0052,17,281.21,4780.57,GRN0052,17,MATCH,0
INV0053_DUP,18-12-2024,V019,Vendor_19,EUR,1,ITM0029,Module device unit assembly module,1,243.97,243.97,PO0053,1,243.97,243.97,GRN0053,1,duplicate_invoice,1
INV0053,18-12-2024,V019,Vendor_19,EUR,2,ITM0019,Accessory widget part device module module,8,262.95,1840.65,PO0053,7,262.95,1840.65,GRN0053,7,quantity_mismatch,1
INV0053,18-12-2024,V019,Vendor_19,EUR,3,ITM0023,Widget device assembly widget widget device,1,425.34,425.34,PO0053,1,425.34,425.34,GRN0053,1,MATCH,0
INV0053,18-12-2024,V019,Vendor_19,EUR,4,ITM0042,Device gadget accessory,8,260.42,2083.36,PO0053,8,260.42,2083.36,GRN0053,8,MATCH,0
INV0053,18-12-2024,V019,Vendor_19,EUR,5,ITM0036,Component module assembly part,6,97.26,583.56,PO0053,6,97.26,583.56,GRN0053,6,MATCH,0
INV0054,02-12-2024,V014,Vendor_14,INR,1,ITM0002,Part assembly module widget gadget component device,3,290.79,872.37,PO0054,3,290.79,872.37,GRN0054,3,MATCH,0
INV0054,02-12-2024,V014,Vendor_14,INR,2,ITM0035,Module gadget gadget device,16,266.22,4259.52,PO0054,16,266.22,4259.52,GRN0054,16,MATCH,0
INV0054,02-12-2024,V014,Vendor_14,INR,3,ITM0041,Unit unit unit module part,20,96.01,1808.0,PO0054,20,90.4,1808.0,GRN0054,20,price_mismatch,1
INV0054_DUP,02-12-2024,V014,Vendor_14,INR,4,ITM0044,Accessory unit device component component,4,95.61,382.44,PO0054,4,95.61,382.44,GRN0054,4,duplicate_invoice,1
INV0054,02-12-2024,V014,Vendor_14,INR,5,ITM0045,Assembly module gadget module,6,245.9,1475.4,PO0054,6,245.9,1475.4,GRN0054,6,MATCH,0
INV0055,02-10-2024,V006,Vendor_6,EUR,1,ITM0032,Gadget component assembly widget module,1,244.88,244.88,PO0055,1,244.88,244.88,GRN0055,1,MATCH,0
INV0055_DUP,02-10-2024,V006,Vendor_6,EUR,2,ITM0013,Accessory assembly assembly device module part,16,87.79,1404.64,PO0055,16,87.79,1404.64,GRN0055,16,duplicate_invoice,1
INV0055,02-10-2024,V006,Vendor_6,EUR,3,ITM0037,Part gadget widget,8,271.12,2168.96,PO0055,8,271.12,2168.96,GRN0055,8,MATCH,0
INV0055,02-10-2024,V006,Vendor_6,GBP,4,ITM0011,Unit device assembly assembly unit component,18,412.52,7425.36,PO0055,18,412.52,7425.36,GRN0055,18,currency_mismatch,1
INV0055,02-10-2024,V006,Vendor_6,EUR,5,ITM0024,Part widget device assembly accessory widget part,8,152.37,1218.96,PO0055,8,152.37,1218.96,GRN0055,8,MATCH,0
INV0056_DUP,17-01-2024,V015,Vendor_15,GBP,1,ITM0023,Module accessory device,8,108.89,871.12,PO0056,8,108.89,871.12,GRN0056,8,duplicate_invoice,1
INV0056,17-01-2024,V015,Vendor_15,GBP,2,ITM0048,Device part unit module unit part part,2,287.19,574.38,PO0056,2,287.19,574.38,GRN0056,2,MATCH,0
INV0056,17-01-2024,V015,Vendor_15,GBP,3,ITM0035,Unit gadget accessory component unit,17,492.82,8377.94,PO0056,17,492.82,8377.94,GRN0056,17,MATCH,0
INV0056,17-01-2024,V015,Vendor_15,GBP,4,ITM0044,Gadget device module,2,496.28,992.56,PO0056,2,496.28,992.56,GRN0056,2,MATCH,0
INV0056,17-01-2024,V015,Vendor_15,GBP,5,ITM0042,Device gadget gadget component,8,381.93,3055.44,PO0056,8,381.93,3055.44,GRN0056,8,MATCH,0
INV0057,12-12-2024,V013,Vendor_13,INR,1,ITM0010,Unit unit module widget part device module,9,348.88,3139.92,PO0057,9,348.88,3139.92,GRN0057,9,MATCH,0
INV0057,12-12-2024,V013,Vendor_13,INR,2,ITM0024,Accessory component widget device device device,15,319.25,4788.75,PO0057,15,319.25,4788.75,GRN0057,15,MATCH,0
INV0057,12-12-2024,V013,Vendor_13,INR,3,ITM0045,Part part module accessory part,16,137.93,2206.88,PO0057,16,137.93,2206.88,GRN0057,16,MATCH,0
INV0057,12-12-2024,V013,Vendor_13,USD,4,ITM0019,Assembly gadget part part accessory,2,27.74,55.48,PO0057,2,27.74,55.48,GRN0057,2,currency_mismatch,1
INV0057,12-12-2024,V013,Vendor_13,INR,5,ITM0041,Widget accessory gadget assembly accessory module,5,441.66,2208.3,PO0057,5,441.66,2208.3,GRN0057,5,MATCH,0
INV0058,03-06-2024,V006,Vendor_6,GBP,1,ITM0006,Component module accessory gadget module,10,364.36,3643.6,PO0058,10,364.36,3643.6,GRN0058,10,MATCH,0
INV0058,03-06-2024,V006,Vendor_6,GBP,2,ITM0049,Module widget widget gadget,3,70.69,212.07,PO0058,3,70.69,212.07,GRN0058,3,MATCH,0
INV0058,03-06-2024,V006,Vendor_6,GBP,3,ITM0015,Device widget device part accessory module gadget,3,133.99,354.99,PO0058,3,118.33,354.99,GRN0058,3,price_mismatch,1
INV0058,03-06-2024,V006,Vendor_6,GBP,4,ITM0006,Widget module component,13,387.86,5042.18,PO0058,13,387.86,5042.18,GRN0058,13,MATCH,0
INV0058,03-06-2024,V006,Vendor_6,GBP,5,ITM0049,Unit device widget unit,20,326.76,6535.2,PO0058,20,326.76,6535.2,GRN0058,20,MATCH,0
INV0059,13-08-2024,V012,Vendor_12,EUR,1,ITM0041,Accessory unit module gadget,4,74.31,297.24,PO0059,4,74.31,297.24,GRN0059,4,MATCH,0
INV0059,13-08-2024,V012,Vendor_12,EUR,2,ITM0008,Device module module part component unit component,20,302.0,6040.0,PO0059,20,302.0,6040.0,GRN0059,20,MATCH,0
INV0059,13-08-2024,V012,Vendor_12,EUR,3,ITM0039,Part device part unit component,17,305.43,5192.31,PO0059,17,305.43,5192.31,GRN0059,17,MATCH,0
INV0059,13-08-2024,V012,Vendor_12,EUR,4,ITM0013,Component widget accessory accessory assembly gadget,16,320.85,5133.6,PO0059,16,320.85,5133.6,GRN0059,16,MATCH,0
INV0059,13-08-2024,V012,Vendor_12,EUR,5,ITM0005,Part widget module component module part module,18,343.06,6175.08,PO0059,18,343.06,6175.08,GRN0059,18,MATCH,0
INV0060,29-08-2024,V003,Vendor_3,USD,1,ITM0038,Widget gadget accessory,13,255.77,3325.01,PO0060,13,255.77,3325.01,GRN0060,13,MATCH,0
INV0060,29-08-2024,V003,Vendor_3,USD,2,ITM0041,Device module module unit assembly gadget widget,3,258.1,774.3,PO0060,3,258.1,774.3,GRN0060,3,MATCH,0
INV0060,29-08-2024,V003,Vendor_3,USD,3,ITM0014,Assembly module unit part,3,158.53,475.59,PO0060,3,158.53,475.59,GRN0060,3,MATCH,0
INV0060,29-08-2024,V003,Vendor_3,USD,4,ITM0028,Widget widget module assembly,20,32.24,644.8,PO0060,20,32.24,644.8,GRN0060,20,MATCH,0
INV0060,29-08-2024,V003,Vendor_3,USD,5,ITM0043,Gadget device device gadget,12,263.89,3166.68,PO0060,12,263.89,3166.68,GRN0060,12,MATCH,0
INV0061,12-05-2024,V006,Vendor_6,GBP,1,ITM0009,Device gadget accessory module module,17,36.62,622.54,PO0061,17,36.62,622.54,GRN0061,17,MATCH,0
INV0061,12-05-2024,V006,Vendor_6,GBP,2,ITM0046,Unit assembly assembly widget part gadget gadget,5,447.66,1790.64,PO0061,4,447.66,1790.64,GRN0061,4,quantity_mismatch,1
INV0061,12-05-2024,V006,Vendor_6,GBP,3,ITM0044,Component assembly widget,1,126.05,126.05,PO0061,1,126.05,126.05,GRN0061,0,grn_not_received,1
INV0061,12-05-2024,V006,Vendor_6,GBP,4,ITM0031,Module gadget accessory part assembly,14,116.14,1625.96,PO0061,14,116.14,1625.96,GRN0061,14,item_not_in_po,1
INV0061,12-05-2024,V006,Vendor_6,GBP,5,ITM0016,Accessory component part unit gadget device,2,93.78,187.56,PO0061,2,93.78,187.56,GRN0061,2,MATCH,0
INV0062,21-09-2024,V002,Vendor_2,INR,1,ITM0005,Part device component widget assembly module,9,284.08,2840.8,PO0062,10,284.08,2840.8,GRN0062,10,quantity_mismatch,1
INV0062,21-09-2024,V002,Vendor_2,INR,2,ITM0020,Component module accessory accessory device device assembly,8,79.53,636.24,PO0062,8,79.53,636.24,GRN0062,8,MATCH,0
INV0062,21-09-2024,V002,Vendor_2,INR,3,ITM0027,Component module part,1,475.74,475.74,PO0062,1,475.74,475.74,GRN0062,1,MATCH,0
INV0062_DUP,21-09-2024,V002,Vendor_2,INR,4,ITM0001,Part device widget assembly component assembly,2,486.42,972.84,PO0062,2,486.42,972.84,GRN0062,2,duplicate_invoice,1
INV0062,21-09-2024,V002,Vendor_2,INR,5,ITM0010,Widget accessory accessory assembly device,12,231.94,2783.28,PO0062,12,231.94,2783.28,GRN0062,12,MATCH,0
INV0063,13-02-2024,V019,Vendor_19,USD,1,ITM0033,Unit module unit widget,5,122.2,611.0,PO0063,5,122.2,611.0,GRN0063,5,MATCH,0
INV0063,13-02-2024,V019,Vendor_19,USD,2,ITM0017,Accessory module part component assembly,8,41.97,335.76,PO0063,8,41.97,335.76,GRN0063,8,MATCH,0
INV0063,13-02-2024,V019,Vendor_19,USD,3,ITM0013,Part unit gadget gadget,15,160.45,2406.75,PO0063,15,160.45,2406.75,GRN0063,15,item_not_in_po,1
INV0063,13-02-2024,V019,Vendor_19,USD,4,ITM0008,Module device assembly assembly part widget part,10,414.06,4140.6,PO0063,10,414.06,4140.6,GRN0063,10,MATCH,0
INV0063,13-02-2024,V019,Vendor_19,USD,5,ITM0045,Widget part component widget component module assembly,10,133.78,1337.8,PO0063,10,133.78,1337.8,GRN0063,10,MATCH,0
INV0064,30-03-2024,V001,Vendor_1,INR,1,ITM0029,Device component assembly part gadget widget part,8,69.7,557.6,PO0064,8,69.7,557.6,GRN0064,8,MATCH,0
INV0064,30-03-2024,V001,Vendor_1,INR,2,ITM0026,Device accessory widget unit accessory,3,15.79,47.37,PO0064,3,15.79,47.37,GRN0064,3,item_not_in_po,1
INV0064,30-03-2024,V001,Vendor_1,INR,3,ITM0005,Accessory module gadget accessory,11,73.84,722.15,PO0064,11,65.65,722.15,GRN0064,11,price_mismatch,1
INV0064,30-03-2024,V001,Vendor_1,EUR,4,ITM0030,Gadget unit part,13,250.58,3257.54,PO0064,13,250.58,3257.54,GRN0064,13,currency_mismatch,1
INV0064,30-03-2024,V001,Vendor_1,INR,5,ITM0025,Gadget gadget gadget component part widget,20,310.4,6208.0,PO0064,20,310.4,6208.0,GRN0064,20,MATCH,0
INV0065,27-11-2024,V010,Vendor_10,INR,1,ITM0027,Assembly widget module module unit part component,18,398.45,7172.1,PO0065,18,398.45,7172.1,GRN0065,18,MATCH,0
INV0065,27-11-2024,V010,Vendor_10,INR,2,ITM0025,Assembly part module unit component,9,94.01,846.09,PO0065,9,94.01,846.09,GRN0065,9,MATCH,0
INV0065,27-11-2024,V010,Vendor_10,EUR,3,ITM0021,Gadget accessory part widget accessory assembly device,8,487.12,3896.96,PO0065,8,487.12,3896.96,GRN0065,8,currency_mismatch,1
INV0065,27-11-2024,V010,Vendor_10,INR,4,ITM0007,Unit component part accessory,2,383.2,766.4,PO0065,2,383.2,766.4,GRN0065,2,item_not_in_po,1
INV0065,27-11-2024,V010,Vendor_10,INR,5,ITM0015,Part part module part part gadget unit,12,457.42,5489.04,PO0065,12,457.42,5489.04,GRN0065,12,MATCH,0
INV0066,15-01-2024,V012,Vendor_12,EUR,1,ITM0037,Part part accessory assembly,6,247.77,1486.62,PO0066,6,247.77,1486.62,GRN0066,0,grn_not_received,1
INV0066_DUP,15-01-2024,V012,Vendor_12,EUR,2,ITM0006,Component gadget assembly,1,169.21,169.21,PO0066,1,169.21,169.21,GRN0066,1,duplicate_invoice,1
INV0066,15-01-2024,V012,Vendor_12,EUR,3,ITM0040,Part module gadget part,11,34.48,379.28,PO0066,11,34.48,379.28,GRN0066,11,MATCH,0
INV0066,15-01-2024,V012,Vendor_12,EUR,4,ITM0010,Device gadget widget assembly module widget device,13,295.08,3836.04,PO0066,13,295.08,3836.04,GRN0066,13,MATCH,0
INV0066,15-01-2024,V012,Vendor_12,EUR,5,ITM0022,Component accessory device module unit,16,326.34,5221.44,PO0066,16,326.34,5221.44,GRN0066,16,MATCH,0
INV0067,30-03-2024,V018,Vendor_18,GBP,1,ITM0015,Part module device component gadget widget device,19,198.84,3777.96,PO0067,19,198.84,3777.96,GRN0067,19,item_not_in_po,1
INV0067,30-03-2024,V018,Vendor_18,GBP,2,ITM0050,Widget unit accessory accessory gadget unit accessory,5,168.93,844.65,PO0067,5,168.93,844.65,GRN0067,5,MATCH,0
INV0067,30-03-2024,V018,Vendor_18,EUR,3,ITM0005,Module component unit accessory,11,226.08,2486.88,PO0067,11,226.08,2486.88,GRN0067,11,currency_mismatch,1
INV0067,30-03-2024,V018,Vendor_18,GBP,4,ITM0017,Component widget component widget,1,28.83,28.83,PO0067,1,28.83,28.83,GRN0067,1,MATCH,0
INV0067,30-03-2024,V018,Vendor_18,GBP,5,ITM0029,Accessory part assembly module assembly widget,16,395.42,6326.72,PO0067,16,395.42,6326.72,GRN0067,16,MATCH,0
INV0068,22-10-2024,V008,Vendor_8,EUR,1,ITM0029,Part widget widget,9,476.07,4284.63,PO0068,9,476.07,4284.63,GRN0068,9,MATCH,0
INV0068,22-10-2024,V008,Vendor_8,EUR,2,ITM0005,Gadget module device assembly accessory,3,172.29,516.87,PO0068,3,172.29,516.87,GRN0068,3,MATCH,0
INV0068,22-10-2024,V008,Vendor_8,EUR,3,ITM0040,Device module unit unit module widget,11,127.98,1174.25,PO0068,11,106.75,1174.25,GRN0068,11,price_mismatch,1
INV0068,22-10-2024,V008,Vendor_8,EUR,4,ITM0013,Device device device component component component,2,199.49,398.98,PO0068,2,199.49,398.98,GRN0068,2,MATCH,0
INV0068,22-10-2024,V008,Vendor_8,EUR,5,ITM0036,Gadget module module component unit unit,7,53.01,371.07,PO0068,7,53.01,371.07,GRN0068,7,MATCH,0
INV0069,15-04-2024,V006,Vendor_6,GBP,1,ITM0006,Part component module assembly unit widget,18,196.83,3542.94,PO0069,18,196.83,3542.94,GRN0069,18,item_not_in_po,1
INV0069,15-04-2024,V006,Vendor_6,GBP,2,ITM0024,Module assembly component assembly component component,2,79.81,159.62,PO0069,2,79.81,159.62,GRN0069,2,MATCH,0
INV0069,15-04-2024,V006,Vendor_6,GBP,3,ITM0045,Widget module assembly,19,117.62,2234.78,PO0069,19,117.62,2234.78,GRN0069,19,MATCH,0
INV0069,15-04-2024,V006,Vendor_6,GBP,4,ITM0004,Part module assembly part assembly part,16,152.93,2446.88,PO0069,16,152.93,2446.88,GRN0069,16,MATCH,0
INV0069,15-04-2024,V006,Vendor_6,GBP,5,ITM0026,Assembly accessory part,20,77.99,1559.8,PO0069,20,77.99,1559.8,GRN0069,20,MATCH,0
INV0070,17-08-2024,V006,Vendor_6,EUR,1,ITM0014,Gadget module accessory module,5,417.88,2089.4,PO0070,5,417.88,2089.4,GRN0070,5,MATCH,0
INV0070,17-08-2024,V006,Vendor_6,EUR,2,ITM0017,Accessory accessory widget module module,11,429.03,4719.33,PO0070,11,429.03,4719.33,GRN0070,11,MATCH,0
INV0070,17-08-2024,V006,Vendor_6,EUR,3,ITM0034,Accessory widget device unit part gadget,5,90.28,391.8,PO0070,5,78.36,391.8,GRN0070,5,price_mismatch,1
INV0070,17-08-2024,V006,Vendor_6,EUR,4,ITM0038,Device accessory accessory unit widget component assembly,12,439.56,5274.72,PO0070,12,439.56,5274.72,GRN0070,12,MATCH,0
INV0070,17-08-2024,V006,Vendor_6,EUR,5,ITM0017,Unit unit assembly gadget module unit,13,24.2,314.6,PO0070,13,24.2,314.6,GRN0070,13,MATCH,0
INV0071,18-06-2024,V008,Vendor_8,USD,1,ITM0048,Accessory accessory widget part component component,16,429.83,6877.28,PO0071,16,429.83,6877.28,GRN0071,16,MATCH,0
INV0071,18-06-2024,V008,Vendor_8,USD,2,ITM0044,Accessory component component,15,388.15,5822.25,PO0071,15,388.15,5822.25,GRN0071,15,MATCH,0
INV0071,18-06-2024,V008,Vendor_8,USD,3,ITM0021,Device unit widget module accessory,14,371.77,5204.78,PO0071,14,371.77,5204.78,GRN0071,14,MATCH,0
INV0071,18-06-2024,V008,Vendor_8,USD,4,ITM0049,Part part assembly gadget component assembly gadget,17,440.27,7484.59,PO0071,17,440.27,7484.59,GRN0071,17,MATCH,0
INV0071,18-06-2024,V008,Vendor_8,USD,5,ITM0002,Gadget part part component,15,30.03,450.45,PO0071,15,30.03,450.45,GRN0071,15,MATCH,0
INV0072,03-07-2024,V007,Vendor_7,GBP,1,ITM0024,Assembly unit gadget widget module unit,6,480.46,2882.76,PO0072,6,480.46,2882.76,GRN0072,6,MATCH,0
INV0072,03-07-2024,V007,Vendor_7,GBP,2,ITM0031,Assembly module part component part widget widget,3,85.64,171.28,PO0072,2,85.64,171.28,GRN0072,2,quantity_mismatch,1
INV0072,03-07-2024,V007,Vendor_7,GBP,3,ITM0037,Part unit device component,14,259.07,3626.98,PO0072,14,259.07,3626.98,GRN0072,14,MATCH,0
INV0072,03-07-2024,V007,Vendor_7,GBP,4,ITM0050,Assembly gadget gadget,1,115.77,115.77,PO0072,1,115.77,115.77,GRN0072,1,MATCH,0
INV0072,03-07-2024,V007,Vendor_7,GBP,5,ITM0039,Device device component accessory part,15,129.74,1946.1,PO0072,15,129.74,1946.1,GRN0072,15,MATCH,0
INV0073,26-08-2024,V010,Vendor_10,GBP,1,ITM0038,Widget accessory accessory,12,282.92,3395.04,PO0073,12,282.92,3395.04,GRN0073,12,currency_mismatch,1
INV0073,26-08-2024,V010,Vendor_10,INR,2,ITM0039,Component device assembly module component component component,10,98.24,982.4,PO0073,10,98.24,982.4,GRN0073,10,MATCH,0
INV0073,26-08-2024,V010,Vendor_10,INR,3,ITM0034,Accessory part part unit,12,341.97,3761.67,PO0073,11,341.97,3761.67,GRN0073,11,quantity_mismatch,1
INV0073,26-08-2024,V010,Vendor_10,INR,4,ITM0047,Unit accessory component,14,205.28,2873.92,PO0073,14,205.28,2873.92,GRN0073,14,MATCH,0
INV0073,26-08-2024,V010,Vendor_10,INR,5,ITM0048,Unit accessory part,11,364.64,4011.04,PO0073,11,364.64,4011.04,GRN0073,11,MATCH,0
INV0074,23-04-2024,V018,Vendor_18,INR,1,ITM0043,Assembly part part part gadget,4,238.04,952.16,PO0074,4,238.04,952.16,GRN0074,0,grn_not_received,1
INV0074,23-04-2024,V018,Vendor_18,INR,2,ITM0048,Device unit accessory accessory accessory,3,115.02,345.06,PO0074,3,115.02,345.06,GRN0074,3,MATCH,0
INV0074,23-04-2024,V018,Vendor_18,EUR,3,ITM0015,Module part module unit assembly,4,237.92,951.68,PO0074,4,237.92,951.68,GRN0074,4,currency_mismatch,1
INV0074,23-04-2024,V018,Vendor_18,INR,4,ITM0041,Unit unit assembly gadget gadget device assembly,14,31.76,444.64,PO0074,14,31.76,444.64,GRN0074,14,MATCH,0
INV0074,23-04-2024,V018,Vendor_18,INR,5,ITM0010,Accessory module accessory accessory,15,75.9,1138.5,PO0074,15,75.9,1138.5,GRN0074,15,MATCH,0
INV0075,02-04-2024,V003,Vendor_3,INR,1,ITM0022,Component widget assembly gadget,6,290.26,1741.56,PO0075,6,290.26,1741.56,GRN0075,6,MATCH,0
INV0075,02-04-2024,V003,Vendor_3,INR,2,ITM0011,Part part gadget module module module,16,194.74,3115.84,PO0075,16,194.74,3115.84,GRN0075,16,MATCH,0
INV0075,02-04-2024,V003,Vendor_3,INR,3,ITM0003,Gadget module widget component part gadget device,8,117.0,936.0,PO0075,8,117.0,936.0,GRN0075,8,MATCH,0
INV0075,02-04-2024,V003,Vendor_3,INR,4,ITM0023,Gadget module unit gadget part,10,474.49,4744.9,PO0075,10,474.49,4744.9,GRN0075,10,MATCH,0
INV0075,02-04-2024,V003,Vendor_3,INR,5,ITM0030,Unit module part accessory module accessory module,7,86.62,606.34,PO0075,7,86.62,606.34,GRN0075,7,MATCH,0
INV0076,25-07-2024,V001,Vendor_1,EUR,1,ITM0015,Gadget widget assembly gadget,2,190.72,381.44,PO0076,2,190.72,381.44,GRN0076,2,item_not_in_po,1
INV0076,25-07-2024,V001,Vendor_1,EUR,2,ITM0041,Device unit unit widget widget,1,28.88,28.88,PO0076,1,28.88,28.88,GRN0076,1,MATCH,0
INV0076,25-07-2024,V001,Vendor_1,EUR,3,ITM0008,Module gadget component device gadget device,1,154.05,154.05,PO0076,1,154.05,154.05,GRN0076,1,MATCH,0
INV0076,25-07-2024,V001,Vendor_1,EUR,4,ITM0043,Unit component unit,5,212.32,1061.6,PO0076,5,212.32,1061.6,GRN0076,5,MATCH,0
INV0076,25-07-2024,V001,Vendor_1,EUR,5,ITM0007,Device gadget gadget widget gadget gadget component,17,486.69,8273.73,PO0076,17,486.69,8273.73,GRN0076,17,MATCH,0
INV0077,02-07-2024,V014,Vendor_14,GBP,1,ITM0011,Assembly accessory device,16,192.25,2698.4,PO0077,16,168.65,2698.4,GRN0077,16,price_mismatch,1
INV0077,02-07-2024,V014,Vendor_14,GBP,2,ITM0001,Device accessory part,16,78.83,1261.28,PO0077,16,78.83,1261.28,GRN0077,16,MATCH,0
INV0077,02-07-2024,V014,Vendor_14,GBP,3,ITM0006,Widget device accessory unit assembly accessory component,2,54.41,108.82,PO0077,2,54.41,108.82,GRN0077,2,MATCH,0
INV0077,02-07-2024,V014,Vendor_14,GBP,4,ITM0012,Part module device,14,370.58,5188.12,PO0077,14,370.58,5188.12,GRN0077,14,MATCH,0
INV0077,02-07-2024,V014,Vendor_14,GBP,5,ITM0007,Widget gadget unit,11,181.98,2001.78,PO0077,11,181.98,2001.78,GRN0077,11,MATCH,0
INV0078,12-08-2024,V020,Vendor_20,GBP,1,ITM0047,Module module gadget,13,481.34,6257.42,PO0078,13,481.34,6257.42,GRN0078,13,MATCH,0
INV0078,12-08-2024,V020,Vendor_20,GBP,2,ITM0018,Device assembly module part gadget gadget,2,490.88,981.76,PO0078,2,490.88,981.76,GRN0078,2,MATCH,0
INV0078,12-08-2024,V020,Vendor_20,GBP,3,ITM0011,Module unit part,15,94.72,1420.8,PO0078,15,94.72,1420.8,GRN0078,15,MATCH,0
INV0078,12-08-2024,V020,Vendor_20,GBP,4,ITM0025,Unit part part device accessory,16,533.14,7369.6,PO0078,16,460.6,7369.6,GRN0078,16,price_mismatch,1
INV0078,12-08-2024,V020,Vendor_20,GBP,5,ITM0008,Module widget unit widget part assembly,20,363.27,6902.13,PO0078,19,363.27,6902.13,GRN0078,19,quantity_mismatch,1
INV0079,24-04-2024,V011,Vendor_11,USD,1,ITM0028,Assembly unit unit gadget,18,446.57,8038.26,PO0079,18,446.57,8038.26,GRN0079,18,MATCH,0
INV0079,24-04-2024,V011,Vendor_11,USD,2,ITM0040,Widget accessory assembly,16,426.68,6826.88,PO0079,16,426.68,6826.88,GRN0079,16,MATCH,0
INV0079,24-04-2024,V011,Vendor_11,USD,3,ITM0011,Device component component,10,29.92,269.28,PO0079,9,29.92,269.28,GRN0079,9,quantity_mismatch,1
INV0079,24-04-2024,V011,Vendor_11,USD,4,ITM0015,Unit module component assembly part assembly part,15,161.45,2421.75,PO0079,15,161.45,2421.75,GRN0079,15,MATCH,0
INV0079,24-04-2024,V011,Vendor_11,USD,5,ITM0032,Widget module unit,1,413.82,413.82,PO0079,1,413.82,413.82,GRN0079,1,MATCH,0
INV0080,05-11-2024,V020,Vendor_20,EUR,1,ITM0033,Gadget device accessory module widget component assembly,18,384.87,6927.66,PO0080,18,384.87,6927.66,GRN0080,18,currency_mismatch,1
INV0080,05-11-2024,V020,Vendor_20,GBP,2,ITM0039,Device module assembly widget unit widget,12,415.79,4989.48,PO0080,12,415.79,4989.48,GRN0080,12,MATCH,0
INV0080,05-11-2024,V020,Vendor_20,GBP,3,ITM0019,Assembly device widget gadget gadget device device,4,130.87,523.48,PO0080,4,130.87,523.48,GRN0080,4,MATCH,0
INV0080,05-11-2024,V020,Vendor_20,GBP,4,ITM0013,Gadget part gadget part,7,359.81,2518.67,PO0080,7,359.81,2518.67,GRN0080,7,item_not_in_po,1
INV0080,05-11-2024,V020,Vendor_20,GBP,5,ITM0007,Widget unit device gadget accessory assembly,19,478.31,9087.89,PO0080,19,478.31,9087.89,GRN0080,19,MATCH,0
INV0081,09-03-2024,V016,Vendor_16,USD,1,ITM0034,Assembly module unit,17,391.64,6657.88,PO0081,17,391.64,6657.88,GRN0081,17,MATCH,0
INV0081,09-03-2024,V016,Vendor_16,USD,2,ITM0012,Gadget part widget unit unit component part,14,489.85,6857.9,PO0081,14,489.85,6857.9,GRN0081,14,MATCH,0
INV0081,09-03-2024,V016,Vendor_16,USD,3,ITM0045,Component accessory accessory assembly,5,73.4,367.0,PO0081,5,73.4,367.0,GRN0081,5,MATCH,0
INV0081,09-03-2024,V016,Vendor_16,USD,4,ITM0039,Component device part device accessory unit gadget,20,358.62,7172.4,PO0081,20,358.62,7172.4,GRN0081,20,item_not_in_po,1
INV0081,09-03-2024,V016,Vendor_16,USD,5,ITM0044,Accessory gadget device accessory gadget,18,348.68,6276.24,PO0081,18,348.68,6276.24,GRN0081,18,MATCH,0
INV0082,14-06-2024,V004,Vendor_4,GBP,1,ITM0036,Unit accessory device device accessory assembly,14,405.11,5671.54,PO0082,14,405.11,5671.54,GRN0082,14,MATCH,0
INV0082,14-06-2024,V004,Vendor_4,GBP,2,ITM0034,Widget gadget device,7,137.15,960.05,PO0082,7,137.15,960.05,GRN0082,7,MATCH,0
INV0082,14-06-2024,V004,Vendor_4,EUR,3,ITM0011,Device gadget widget part gadget,18,20.99,377.82,PO0082,18,20.99,377.82,GRN0082,18,currency_mismatch,1
INV0082,14-06-2024,V004,Vendor_4,EUR,4,ITM0029,Unit device unit,8,372.49,2979.92,PO0082,8,372.49,2979.92,GRN0082,8,currency_mismatch,1
INV0082,14-06-2024,V004,Vendor_4,GBP,5,ITM0036,Component part part component unit accessory,13,211.2,2745.6,PO0082,13,211.2,2745.6,GRN0082,13,MATCH,0
INV0083,16-12-2024,V011,Vendor_11,USD,1,ITM0001,Gadget part part module component,12,378.78,4545.36,PO0083,12,378.78,4545.36,GRN0083,12,MATCH,0
INV0083,16-12-2024,V011,Vendor_11,USD,2,ITM0035,Gadget device gadget assembly accessory widget accessory,17,64.08,1089.36,PO0083,17,64.08,1089.36,GRN0083,17,MATCH,0
INV0083,16-12-2024,V011,Vendor_11,USD,3,ITM0003,Component component gadget part widget assembly,5,24.77,123.85,PO0083,5,24.77,123.85,GRN0083,5,MATCH,0
INV0083,16-12-2024,V011,Vendor_11,USD,4,ITM0021,Widget accessory unit unit assembly unit module,11,265.07,2915.77,PO0083,11,265.07,2915.77,GRN0083,11,MATCH,0
INV0083,16-12-2024,V011,Vendor_11,USD,5,ITM0012,Widget assembly module assembly widget gadget gadget,11,168.88,1857.68,PO0083,11,168.88,1857.68,GRN0083,11,MATCH,0
INV0084,30-05-2024,V007,Vendor_7,INR,1,ITM0036,Gadget module component,20,459.71,9194.2,PO0084,20,459.71,9194.2,GRN0084,20,MATCH,0
INV0084,30-05-2024,V007,Vendor_7,INR,2,ITM0016,Device component accessory,4,196.01,784.04,PO0084,4,196.01,784.04,GRN0084,0,grn_not_received,1
INV0084,30-05-2024,V007,Vendor_7,INR,3,ITM0035,Widget assembly device assembly assembly,16,26.71,427.36,PO0084,16,26.71,427.36,GRN0084,16,MATCH,0
INV0084,30-05-2024,V007,Vendor_7,INR,4,ITM0042,Component widget widget accessory,18,268.94,4840.92,PO0084,18,268.94,4840.92,GRN0084,18,item_not_in_po,1
INV0084,30-05-2024,V007,Vendor_7,INR,5,ITM0041,Gadget unit gadget,14,418.65,5861.1,PO0084,14,418.65,5861.1,GRN0084,14,MATCH,0
INV0085,15-04-2024,V018,Vendor_18,INR,1,ITM0042,Device gadget assembly,11,23.75,261.25,PO0085,11,23.75,261.25,GRN0085,11,MATCH,0
INV0085,15-04-2024,V018,Vendor_18,INR,2,ITM0005,Gadget component widget,8,455.94,3647.52,PO0085,8,455.94,3647.52,GRN0085,8,MATCH,0
INV0085,15-04-2024,V018,Vendor_18,INR,3,ITM0027,Assembly module component module gadget widget,20,36.3,726.0,PO0085,20,36.3,726.0,GRN0085,20,MATCH,0
INV0085,15-04-2024,V018,Vendor_18,INR,4,ITM0048,Widget part module assembly component device unit,10,383.81,3838.1,PO0085,10,383.81,3838.1,GRN0085,10,item_not_in_po,1
INV0085,15-04-2024,V018,Vendor_18,INR,5,ITM0029,Module unit assembly assembly gadget module,18,151.01,2718.18,PO0085,18,151.01,2718.18,GRN0085,18,MATCH,0
INV0086,20-11-2024,V005,Vendor_5,GBP,1,ITM0044,Accessory widget part gadget widget,19,300.34,5706.46,PO0086,19,300.34,5706.46,GRN0086,19,MATCH,0
INV0086,20-11-2024,V005,Vendor_5,GBP,2,ITM0035,Accessory component device accessory module module unit,17,75.52,1283.84,PO0086,17,75.52,1283.84,GRN0086,17,MATCH,0
INV0086,20-11-2024,V005,Vendor_5,GBP,3,ITM0012,Unit component gadget device,19,426.86,8110.34,PO0086,19,426.86,8110.34,GRN0086,19,MATCH,0
INV0086,20-11-2024,V005,Vendor_5,GBP,4,ITM0049,Assembly assembly component widget widget device assembly,11,181.78,1999.58,PO0086,11,181.78,1999.58,GRN0086,11,MATCH,0
INV0086,20-11-2024,V005,Vendor_5,GBP,5,ITM0043,Widget unit accessory component,15,167.53,2512.95,PO0086,15,167.53,2512.95,GRN0086,15,MATCH,0
INV0087,03-12-2024,V010,Vendor_10,USD,1,ITM0037,Module component module widget component gadget device,14,141.96,1987.44,PO0087,14,141.96,1987.44,GRN0087,14,currency_mismatch,1
INV0087_DUP,03-12-2024,V010,Vendor_10,EUR,2,ITM0024,Device component assembly assembly,10,246.05,2460.5,PO0087,10,246.05,2460.5,GRN0087,10,duplicate_invoice,1
INV0087,03-12-2024,V010,Vendor_10,EUR,3,ITM0007,Unit widget component part,18,102.23,1840.14,PO0087,18,102.23,1840.14,GRN0087,18,MATCH,0
INV0087,03-12-2024,V010,Vendor_10,EUR,4,ITM0047,Device accessory part,1,407.26,407.26,PO0087,1,407.26,407.26,GRN0087,1,MATCH,0
INV0087,03-12-2024,V010,Vendor_10,EUR,5,ITM0038,Device gadget widget component accessory assembly,5,186.08,930.4,PO0087,5,186.08,930.4,GRN0087,5,MATCH,0
INV0088,24-04-2024,V019,Vendor_19,GBP,1,ITM0009,Assembly widget module widget component accessory,20,343.66,6873.2,PO0088,20,343.66,6873.2,GRN0088,20,MATCH,0
INV0088,24-04-2024,V019,Vendor_19,GBP,2,ITM0049,Gadget gadget unit unit part gadget device,12,27.14,300.12,PO0088,12,25.01,300.12,GRN0088,12,price_mismatch,1
INV0088,24-04-2024,V019,Vendor_19,GBP,3,ITM0049,Component component component device assembly part,14,237.49,3087.37,PO0088,13,237.49,3087.37,GRN0088,13,quantity_mismatch,1
INV0088,24-04-2024,V019,Vendor_19,GBP,4,ITM0030,Widget unit widget,17,318.62,5416.54,PO0088,17,318.62,5416.54,GRN0088,17,item_not_in_po,1
INV0088,24-04-2024,V019,Vendor_19,GBP,5,ITM0018,Unit unit module module unit,3,260.75,782.25,PO0088,3,260.75,782.25,GRN0088,3,MATCH,0
INV0089,11-07-2024,V008,Vendor_8,INR,1,ITM0023,Assembly assembly unit assembly gadget,6,118.85,713.1,PO0089,6,118.85,713.1,GRN0089,6,MATCH,0
INV0089,11-07-2024,V008,Vendor_8,INR,2,ITM0033,Gadget gadget module device gadget,8,210.23,1681.84,PO0089,8,210.23,1681.84,GRN0089,8,MATCH,0
INV0089,11-07-2024,V008,Vendor_8,INR,3,ITM0022,Assembly assembly gadget,6,325.39,1952.34,PO0089,6,325.39,1952.34,GRN0089,6,MATCH,0
INV0089,11-07-2024,V008,Vendor_8,INR,4,ITM0027,Component gadget unit,5,316.62,1583.1,PO0089,5,316.62,1583.1,GRN0089,5,MATCH,0
INV0089,11-07-2024,V008,Vendor_8,INR,5,ITM0003,Gadget gadget accessory assembly module accessory unit,10,473.89,4738.9,PO0089,10,473.89,4738.9,GRN0089,10,MATCH,0
INV0090,20-04-2024,V015,Vendor_15,INR,1,ITM0031,Gadget module gadget unit,6,313.49,1880.94,PO0090,6,313.49,1880.94,GRN0090,6,item_not_in_po,1
INV0090,20-04-2024,V015,Vendor_15,INR,2,ITM0033,Gadget device accessory unit widget,13,195.8,2545.4,PO0090,13,195.8,2545.4,GRN0090,13,MATCH,0
INV0090,20-04-2024,V015,Vendor_15,INR,3,ITM0007,Gadget part assembly,14,414.12,5797.68,PO0090,14,414.12,5797.68,GRN0090,14,MATCH,0
INV0090,20-04-2024,V015,Vendor_15,EUR,4,ITM0039,Gadget accessory unit,18,254.15,4574.7,PO0090,18,254.15,4574.7,GRN0090,18,currency_mismatch,1
INV0090,20-04-2024,V015,Vendor_15,INR,5,ITM0008,Assembly gadget unit,1,449.0,449.0,PO0090,1,449.0,449.0,GRN0090,1,quantity_mismatch,1
INV0091,13-12-2024,V014,Vendor_14,INR,1,ITM0024,Device module accessory,16,395.83,6333.28,PO0091,16,395.83,6333.28,GRN0091,16,MATCH,0
INV0091,13-12-2024,V014,Vendor_14,EUR,2,ITM0025,Unit device device device widget,5,130.99,654.95,PO0091,5,130.99,654.95,GRN0091,5,currency_mismatch,1
INV0091,13-12-2024,V014,Vendor_14,INR,3,ITM0050,Accessory widget unit assembly,9,98.57,887.13,PO0091,9,98.57,887.13,GRN0091,9,MATCH,0
INV0091,13-12-2024,V014,Vendor_14,INR,4,ITM0046,Unit gadget widget,7,345.44,2418.08,PO0091,7,345.44,2418.08,GRN0091,7,MATCH,0
INV0091,13-12-2024,V014,Vendor_14,INR,5,ITM0021,Module gadget unit component part module,12,307.88,3694.56,PO0091,12,307.88,3694.56,GRN0091,12,MATCH,0
INV0092,14-12-2024,V013,Vendor_13,EUR,1,ITM0027,Part assembly module assembly component component module,13,413.21,4799.73,PO0092,13,369.21,4799.73,GRN0092,13,price_mismatch,1
INV0092,14-12-2024,V013,Vendor_13,EUR,2,ITM0043,Device assembly device,7,54.64,327.84,PO0092,6,54.64,327.84,GRN0092,6,quantity_mismatch,1
INV0092,14-12-2024,V013,Vendor_13,EUR,3,ITM0033,Part part unit device widget module,1,403.16,403.16,PO0092,1,403.16,403.16,GRN0092,1,MATCH,0
INV0092,14-12-2024,V013,Vendor_13,EUR,4,ITM0010,Accessory module widget gadget widget widget,13,465.69,6053.97,PO0092,13,465.69,6053.97,GRN0092,13,MATCH,0
INV0092,14-12-2024,V013,Vendor_13,EUR,5,ITM0026,Unit component accessory widget device gadget assembly,1,104.85,104.85,PO0092,1,104.85,104.85,GRN0092,1,MATCH,0
INV0093,02-12-2024,V017,Vendor_17,EUR,1,ITM0013,Part assembly device,20,88.89,1777.8,PO0093,20,88.89,1777.8,GRN0093,20,currency_mismatch,1
INV0093,02-12-2024,V017,Vendor_17,GBP,2,ITM0003,Component widget gadget accessory part,12,336.48,4037.76,PO0093,12,336.48,4037.76,GRN0093,12,MATCH,0
INV0093,02-12-2024,V017,Vendor_17,GBP,3,ITM0026,Gadget widget device accessory assembly device unit,19,177.31,3368.89,PO0093,19,177.31,3368.89,GRN0093,19,MATCH,0
INV0093,02-12-2024,V017,Vendor_17,GBP,4,ITM0018,Unit gadget accessory unit,9,91.64,824.76,PO0093,9,91.64,824.76,GRN0093,9,MATCH,0
INV0093,02-12-2024,V017,Vendor_17,GBP,5,ITM0033,Unit assembly module,4,402.46,1609.84,PO0093,4,402.46,1609.84,GRN0093,4,MATCH,0
INV0094,11-05-2024,V018,Vendor_18,GBP,1,ITM0045,Accessory unit device device accessory assembly,15,448.78,6731.7,PO0094,15,448.78,6731.7,GRN0094,15,MATCH,0
INV0094,11-05-2024,V018,Vendor_18,EUR,2,ITM0002,Gadget widget unit accessory device component,11,209.15,2300.65,PO0094,11,209.15,2300.65,GRN0094,11,currency_mismatch,1
INV0094,11-05-2024,V018,Vendor_18,GBP,3,ITM0023,Assembly device component component module device module,18,466.04,8388.72,PO0094,18,466.04,8388.72,GRN0094,18,MATCH,0
INV0094,11-05-2024,V018,Vendor_18,GBP,4,ITM0031,Module accessory component accessory device,7,252.0,1764.0,PO0094,7,252.0,1764.0,GRN0094,7,MATCH,0
INV0094,11-05-2024,V018,Vendor_18,GBP,5,ITM0013,Device part gadget gadget,8,418.99,3351.92,PO0094,8,418.99,3351.92,GRN0094,8,MATCH,0
INV0095,01-07-2024,V005,Vendor_5,USD,1,ITM0008,Device unit unit,18,479.21,8625.78,PO0095,18,479.21,8625.78,GRN0095,18,MATCH,0
INV0095,01-07-2024,V005,Vendor_5,USD,2,ITM0031,Unit assembly accessory accessory part,16,95.52,1528.32,PO0095,16,95.52,1528.32,GRN0095,16,MATCH,0
INV0095,01-07-2024,V005,Vendor_5,USD,3,ITM0049,Component gadget unit widget part assembly assembly,17,176.91,3007.47,PO0095,17,176.91,3007.47,GRN0095,17,MATCH,0
INV0095,01-07-2024,V005,Vendor_5,GBP,4,ITM0044,Assembly gadget assembly component,1,10.85,10.85,PO0095,1,10.85,10.85,GRN0095,1,currency_mismatch,1
INV0095,01-07-2024,V005,Vendor_5,USD,5,ITM0014,Unit component unit component assembly component,16,479.47,7671.52,PO0095,16,479.47,7671.52,GRN0095,16,MATCH,0
INV0096,24-06-2024,V012,Vendor_12,EUR,1,ITM0032,Gadget device module part component gadget,5,489.74,2448.7,PO0096,5,489.74,2448.7,GRN0096,5,MATCH,0
INV0096,24-06-2024,V012,Vendor_12,EUR,2,ITM0044,Part device part assembly,13,102.05,1326.65,PO0096,13,102.05,1326.65,GRN0096,13,MATCH,0
INV0096,24-06-2024,V012,Vendor_12,EUR,3,ITM0048,Assembly widget module gadget,17,269.32,4578.44,PO0096,17,269.32,4578.44,GRN0096,17,MATCH,0
INV0096,24-06-2024,V012,Vendor_12,EUR,4,ITM0021,Component unit unit module device widget,9,240.89,2168.01,PO0096,9,240.89,2168.01,GRN0096,9,MATCH,0
INV0096,24-06-2024,V012,Vendor_12,EUR,5,ITM0041,Assembly module module,18,280.96,5057.28,PO0096,18,280.96,5057.28,GRN0096,18,MATCH,0
INV0097,11-05-2024,V012,Vendor_12,USD,1,ITM0027,Module device unit,22,290.07,5511.33,PO0097,19,290.07,5511.33,GRN0097,19,quantity_mismatch,1
INV0097,11-05-2024,V012,Vendor_12,USD,2,ITM0042,Gadget part module device assembly device accessory,13,330.52,4013.88,PO0097,13,308.76,4013.88,GRN0097,13,price_mismatch,1
INV0097,11-05-2024,V012,Vendor_12,USD,3,ITM0030,Part unit accessory module,20,287.96,5759.2,PO0097,20,287.96,5759.2,GRN0097,20,MATCH,0
INV0097,11-05-2024,V012,Vendor_12,USD,4,ITM0005,Gadget component component,10,356.66,3566.6,PO0097,10,356.66,3566.6,GRN0097,10,MATCH,0
INV0097,11-05-2024,V012,Vendor_12,GBP,5,ITM0039,Component assembly part module unit accessory,14,87.82,1229.48,PO0097,14,87.82,1229.48,GRN0097,14,currency_mismatch,1
INV0098,12-01-2024,V005,Vendor_5,EUR,1,ITM0043,Accessory device widget gadget widget,3,468.71,1406.13,PO0098,3,468.71,1406.13,GRN0098,3,MATCH,0
INV0098,12-01-2024,V005,Vendor_5,EUR,2,ITM0031,Widget device assembly accessory widget unit widget,13,158.14,2055.82,PO0098,13,158.14,2055.82,GRN0098,13,MATCH,0
INV0098,12-01-2024,V005,Vendor_5,EUR,3,ITM0016,Module gadget assembly gadget widget,12,430.88,5170.56,PO0098,12,430.88,5170.56,GRN0098,12,MATCH,0
INV0098,12-01-2024,V005,Vendor_5,EUR,4,ITM0021,Assembly part accessory assembly gadget accessory,18,103.47,1667.34,PO0098,18,92.63,1667.34,GRN0098,18,price_mismatch,1
INV0098,12-01-2024,V005,Vendor_5,EUR,5,ITM0039,Unit unit unit assembly unit component,14,243.42,2921.04,PO0098,12,243.42,2921.04,GRN0098,12,quantity_mismatch,1
INV0099,26-04-2024,V003,Vendor_3,INR,1,ITM0020,Module gadget widget assembly device,5,175.22,876.1,PO0099,5,175.22,876.1,GRN0099,5,MATCH,0
INV0099,26-04-2024,V003,Vendor_3,INR,2,ITM0031,Widget accessory accessory assembly widget module component,8,399.4,3195.2,PO0099,8,399.4,3195.2,GRN0099,8,MATCH,0
INV0099,26-04-2024,V003,Vendor_3,INR,3,ITM0036,Gadget part module component device,13,415.07,5395.91,PO0099,13,415.07,5395.91,GRN0099,13,MATCH,0
INV0099,26-04-2024,V003,Vendor_3,INR,4,ITM0015,Widget unit assembly part unit,9,145.92,1313.28,PO0099,9,145.92,1313.28,GRN0099,9,MATCH,0
INV0099,26-04-2024,V003,Vendor_3,INR,5,ITM0048,Part module part gadget component unit unit,9,351.73,3165.57,PO0099,9,351.73,3165.57,GRN0099,9,MATCH,0
INV0100,08-09-2024,V007,Vendor_7,GBP,1,ITM0002,Widget assembly gadget widget,9,66.89,602.01,PO0100,9,66.89,602.01,GRN0100,9,MATCH,0
INV0100,08-09-2024,V007,Vendor_7,GBP,2,ITM0029,Component gadget assembly,11,213.02,2343.22,PO0100,11,213.02,2343.22,GRN0100,11,MATCH,0
INV0100,08-09-2024,V007,Vendor_7,GBP,3,ITM0032,Assembly part component part accessory,2,136.92,273.84,PO0100,2,136.92,273.84,GRN0100,2,MATCH,0
INV0100,08-09-2024,V007,Vendor_7,GBP,4,ITM0026,Assembly gadget accessory,9,409.54,3685.86,PO0100,9,409.54,3685.86,GRN0100,9,MATCH,0
INV0100,08-09-2024,V007,Vendor_7,GBP,5,ITM0001,Accessory device module,15,142.92,1910.25,PO0100,15,127.35,1910.25,GRN0100,15,price_mismatch,1
INV0101,18-01-2024,V007,Vendor_7,INR,1,ITM0048,Assembly accessory assembly,10,468.43,4684.3,PO0101,10,468.43,4684.3,GRN0101,0,grn_not_received,1
INV0101,18-01-2024,V007,Vendor_7,INR,2,ITM0011,Device assembly gadget,19,321.07,5137.12,PO0101,16,321.07,5137.12,GRN0101,16,quantity_mismatch,1
INV0101,18-01-2024,V007,Vendor_7,INR,3,ITM0013,Part part gadget gadget unit,11,12.46,137.06,PO0101,11,12.46,137.06,GRN0101,11,MATCH,0
INV0101,18-01-2024,V007,Vendor_7,INR,4,ITM0018,Gadget part widget widget part assembly unit,12,386.54,4638.48,PO0101,12,386.54,4638.48,GRN0101,12,MATCH,0
INV0101,18-01-2024,V007,Vendor_7,INR,5,ITM0016,Assembly device module accessory,4,34.59,69.18,PO0101,2,34.59,69.18,GRN0101,2,quantity_mismatch,1
INV0102,26-11-2024,V005,Vendor_5,USD,1,ITM0009,Component accessory part device part module,7,15.57,108.99,PO0102,7,15.57,108.99,GRN0102,7,MATCH,0
INV0102,26-11-2024,V005,Vendor_5,USD,2,ITM0025,Device component widget device unit,19,350.03,6300.54,PO0102,18,350.03,6300.54,GRN0102,18,quantity_mismatch,1
INV0102,26-11-2024,V005,Vendor_5,USD,3,ITM0013,Gadget module device component part accessory assembly,3,267.91,803.73,PO0102,3,267.91,803.73,GRN0102,3,MATCH,0
INV0102,26-11-2024,V005,Vendor_5,USD,4,ITM0029,Part assembly assembly device assembly,5,442.05,2652.3,PO0102,6,442.05,2652.3,GRN0102,6,quantity_mismatch,1
INV0102,26-11-2024,V005,Vendor_5,USD,5,ITM0040,Device component device unit assembly,13,98.99,1286.87,PO0102,13,98.99,1286.87,GRN0102,13,MATCH,0
INV0103,15-12-2024,V016,Vendor_16,EUR,1,ITM0040,Component unit widget assembly widget,5,93.43,467.15,PO0103,5,93.43,467.15,GRN0103,5,item_not_in_po,1
INV0103,15-12-2024,V016,Vendor_16,USD,2,ITM0003,Widget gadget widget unit,13,330.67,4298.71,PO0103,13,330.67,4298.71,GRN0103,13,currency_mismatch,1
INV0103,15-12-2024,V016,Vendor_16,EUR,3,ITM0034,Device component module unit widget accessory gadget,16,464.56,7432.96,PO0103,16,464.56,7432.96,GRN0103,16,MATCH,0
INV0103,15-12-2024,V016,Vendor_16,EUR,4,ITM0006,Part widget unit accessory module module,2,412.7,825.4,PO0103,2,412.7,825.4,GRN0103,2,MATCH,0
INV0103,15-12-2024,V016,Vendor_16,EUR,5,ITM0018,Widget widget component accessory accessory widget device,18,228.47,3523.32,PO0103,18,195.74,3523.32,GRN0103,18,price_mismatch,1
INV0104,08-04-2024,V017,Vendor_17,EUR,1,ITM0037,Unit unit device device,19,182.19,3461.61,PO0104,19,182.19,3461.61,GRN0104,19,MATCH,0
INV0104,08-04-2024,V017,Vendor_17,EUR,2,ITM0030,Part gadget gadget module module gadget,20,224.29,4485.8,PO0104,20,224.29,4485.8,GRN0104,20,MATCH,0
INV0104,08-04-2024,V017,Vendor_17,EUR,3,ITM0023,Assembly accessory part module unit,11,306.16,3367.76,PO0104,11,306.16,3367.76,GRN0104,11,MATCH,0
INV0104,08-04-2024,V017,Vendor_17,EUR,4,ITM0037,Gadget device accessory component accessory assembly module,2,491.56,983.12,PO0104,2,491.56,983.12,GRN0104,2,MATCH,0
INV0104,08-04-2024,V017,Vendor_17,EUR,5,ITM0039,Assembly accessory component,10,492.28,4922.8,PO0104,10,492.28,4922.8,GRN0104,10,MATCH,0
INV0105,19-04-2024,V011,Vendor_11,USD,1,ITM0050,Accessory assembly unit unit widget,15,181.05,2715.75,PO0105,15,181.05,2715.75,GRN0105,15,MATCH,0
INV0105,19-04-2024,V011,Vendor_11,USD,2,ITM0009,Module unit component part widget,13,344.0,3726.97,PO0105,13,286.69,3726.97,GRN0105,13,price_mismatch,1
INV0105,19-04-2024,V011,Vendor_11,USD,3,ITM0014,Device part gadget,19,410.66,7802.54,PO0105,19,410.66,7802.54,GRN0105,19,MATCH,0
INV0105,19-04-2024,V011,Vendor_11,USD,4,ITM0007,Unit widget part module part accessory module,14,211.18,2956.52,PO0105,14,211.18,2956.52,GRN0105,14,MATCH,0
INV0105,19-04-2024,V011,Vendor_11,USD,5,ITM0008,Device part accessory unit,13,31.79,413.27,PO0105,13,31.79,413.27,GRN0105,13,MATCH,0
INV0106,25-09-2024,V002,Vendor_2,GBP,1,ITM0035,Gadget assembly gadget widget device module assembly,20,289.75,5795.0,PO0106,20,289.75,5795.0,GRN0106,20,MATCH,0
INV0106,25-09-2024,V002,Vendor_2,GBP,2,ITM0006,Module part gadget module,16,287.86,4605.76,PO0106,16,287.86,4605.76,GRN0106,16,MATCH,0
INV0106,25-09-2024,V002,Vendor_2,GBP,3,ITM0004,Module widget assembly device gadget gadget unit,16,200.68,3210.88,PO0106,16,200.68,3210.88,GRN0106,16,MATCH,0
INV0106,25-09-2024,V002,Vendor_2,GBP,4,ITM0037,Unit accessory assembly component,9,389.5,3505.5,PO0106,9,389.5,3505.5,GRN0106,9,MATCH,0
INV0106,25-09-2024,V002,Vendor_2,GBP,5,ITM0021,Widget device module module component unit widget,10,88.78,887.8,PO0106,10,88.78,887.8,GRN0106,10,MATCH,0
INV0107,28-06-2024,V020,Vendor_20,INR,1,ITM0040,Module accessory component device,5,380.08,1900.4,PO0107,5,380.08,1900.4,GRN0107,5,item_not_in_po,1
INV0107,28-06-2024,V020,Vendor_20,INR,2,ITM0006,Device component unit,5,435.03,2175.15,PO0107,5,435.03,2175.15,GRN0107,5,MATCH,0
INV0107,28-06-2024,V020,Vendor_20,INR,3,ITM0019,Module part component,16,16.26,260.16,PO0107,16,16.26,260.16,GRN0107,16,MATCH,0
INV0107,28-06-2024,V020,Vendor_20,INR,4,ITM0014,Gadget assembly device assembly unit accessory device,1,191.42,191.42,PO0107,1,191.42,191.42,GRN0107,1,MATCH,0
INV0107,28-06-2024,V020,Vendor_20,INR,5,ITM0043,Widget gadget component part unit widget unit,2,37.97,37.97,PO0107,1,37.97,37.97,GRN0107,1,quantity_mismatch,1
INV0108,04-12-2024,V009,Vendor_9,GBP,1,ITM0007,Component part module,13,256.73,3337.49,PO0108,13,256.73,3337.49,GRN0108,13,MATCH,0
INV0108,04-12-2024,V009,Vendor_9,GBP,2,ITM0046,Accessory assembly unit,5,97.28,291.84,PO0108,3,97.28,291.84,GRN0108,3,quantity_mismatch,1
INV0108,04-12-2024,V009,Vendor_9,GBP,3,ITM0033,Unit device widget accessory component assembly,6,14.09,84.54,PO0108,6,14.09,84.54,GRN0108,6,MATCH,0
INV0108,04-12-2024,V009,Vendor_9,GBP,4,ITM0044,Module component accessory accessory component,2,314.77,629.54,PO0108,2,314.77,629.54,GRN0108,2,MATCH,0
INV0108,04-12-2024,V009,Vendor_9,GBP,5,ITM0025,Accessory accessory component,11,449.1,4940.1,PO0108,11,449.1,4940.1,GRN0108,11,MATCH,0
INV0109,02-12-2024,V005,Vendor_5,USD,1,ITM0047,Assembly device part device module unit,14,485.42,6795.88,PO0109,14,485.42,6795.88,GRN0109,0,grn_not_received,1
INV0109,02-12-2024,V005,Vendor_5,USD,2,ITM0039,Assembly gadget unit unit device,7,431.98,3023.86,PO0109,7,431.98,3023.86,GRN0109,0,grn_not_received,1
INV0109,02-12-2024,V005,Vendor_5,USD,3,ITM0020,Accessory module accessory device unit unit gadget,3,280.88,842.64,PO0109,3,280.88,842.64,GRN0109,3,MATCH,0
INV0109,02-12-2024,V005,Vendor_5,USD,4,ITM0047,Gadget part gadget,1,383.89,383.89,PO0109,1,383.89,383.89,GRN0109,0,grn_not_received,1
INV0109,02-12-2024,V005,Vendor_5,USD,5,ITM0027,Component device part unit device gadget,7,57.85,404.95,PO0109,7,57.85,404.95,GRN0109,7,MATCH,0
INV0110,04-04-2024,V001,Vendor_1,GBP,1,ITM0039,Unit unit component widget widget part gadget,20,237.04,4740.8,PO0110,20,237.04,4740.8,GRN0110,20,MATCH,0
INV0110,04-04-2024,V001,Vendor_1,GBP,2,ITM0042,Gadget module assembly gadget component,15,383.45,5368.3,PO0110,14,383.45,5368.3,GRN0110,14,quantity_mismatch,1
INV0110,04-04-2024,V001,Vendor_1,GBP,3,ITM0001,Accessory component device gadget gadget,6,463.92,2783.52,PO0110,6,463.92,2783.52,GRN0110,6,MATCH,0
INV0110,04-04-2024,V001,Vendor_1,GBP,4,ITM0029,Assembly component assembly component module widget device,13,361.5,4699.5,PO0110,13,361.5,4699.5,GRN0110,13,MATCH,0
INV0110,04-04-2024,V001,Vendor_1,GBP,5,ITM0026,Accessory unit assembly unit device widget widget,15,414.37,6215.55,PO0110,15,414.37,6215.55,GRN0110,15,MATCH,0
INV0111,22-01-2024,V008,Vendor_8,INR,1,ITM0048,Unit assembly unit,2,98.98,197.96,PO0111,2,98.98,197.96,GRN0111,2,MATCH,0
INV0111,22-01-2024,V008,Vendor_8,INR,2,ITM0029,Part device component gadget component accessory,17,452.32,7689.44,PO0111,17,452.32,7689.44,GRN0111,17,MATCH,0
INV0111,22-01-2024,V008,Vendor_8,INR,3,ITM0030,Widget assembly gadget unit accessory assembly,13,209.71,2726.23,PO0111,13,209.71,2726.23,GRN0111,13,MATCH,0
INV0111,22-01-2024,V008,Vendor_8,INR,4,ITM0029,Gadget unit device,7,441.86,3093.02,PO0111,7,441.86,3093.02,GRN0111,7,MATCH,0
INV0111,22-01-2024,V008,Vendor_8,INR,5,ITM0006,Component unit device gadget device,3,61.51,184.53,PO0111,3,61.51,184.53,GRN0111,3,MATCH,0
INV0112,18-08-2024,V012,Vendor_12,USD,1,ITM0034,Device accessory unit gadget assembly widget,6,456.57,2739.42,PO0112,6,456.57,2739.42,GRN0112,6,MATCH,0
INV0112,18-08-2024,V012,Vendor_12,INR,2,ITM0037,Gadget gadget device widget,10,158.21,1582.1,PO0112,10,158.21,1582.1,GRN0112,10,currency_mismatch,1
INV0112_DUP,18-08-2024,V012,Vendor_12,USD,3,ITM0050,Component gadget accessory accessory widget device,1,232.03,232.03,PO0112,1,232.03,232.03,GRN0112,1,duplicate_invoice,1
INV0112,18-08-2024,V012,Vendor_12,USD,4,ITM0032,Part unit assembly gadget unit assembly module,20,302.05,6041.0,PO0112,20,302.05,6041.0,GRN0112,0,grn_not_received,1
INV0112,18-08-2024,V012,Vendor_12,USD,5,ITM0016,Component unit part gadget gadget widget module,5,427.65,2138.25,PO0112,5,427.65,2138.25,GRN0112,5,MATCH,0
INV0113,07-12-2024,V019,Vendor_19,GBP,1,ITM0022,Widget module gadget,10,307.49,3074.9,PO0113,10,307.49,3074.9,GRN0113,10,MATCH,0
INV0113,07-12-2024,V019,Vendor_19,GBP,2,ITM0045,Unit unit accessory device module widget device,11,187.44,2061.84,PO0113,11,187.44,2061.84,GRN0113,11,MATCH,0
INV0113_DUP,07-12-2024,V019,Vendor_19,GBP,3,ITM0025,Device part widget,16,71.6,1145.6,PO0113,16,71.6,1145.6,GRN0113,16,duplicate_invoice,1
INV0113,07-12-2024,V019,Vendor_19,GBP,4,ITM0045,Component module gadget gadget widget,19,366.22,6958.18,PO0113,19,366.22,6958.18,GRN0113,19,MATCH,0
INV0113,07-12-2024,V019,Vendor_19,GBP,5,ITM0041,Accessory assembly device accessory accessory component unit,11,133.53,1468.83,PO0113,11,133.53,1468.83,GRN0113,11,MATCH,0
INV0114,21-10-2024,V020,Vendor_20,GBP,1,ITM0009,Unit assembly unit assembly gadget unit device,7,5.78,40.46,PO0114,7,5.78,40.46,GRN0114,7,MATCH,0
INV0114_DUP,21-10-2024,V020,Vendor_20,GBP,2,ITM0002,Unit gadget part part accessory module,11,178.08,1958.88,PO0114,11,178.08,1958.88,GRN0114,11,duplicate_invoice,1
INV0114,21-10-2024,V020,Vendor_20,GBP,3,ITM0041,Widget gadget component part,11,153.64,1536.4,PO0114,10,153.64,1536.4,GRN0114,10,quantity_mismatch,1
INV0114,21-10-2024,V020,Vendor_20,GBP,4,ITM0036,Device gadget component module unit,1,416.86,416.86,PO0114,1,416.86,416.86,GRN0114,1,MATCH,0
INV0114,21-10-2024,V020,Vendor_20,GBP,5,ITM0013,Part accessory assembly assembly widget,5,243.34,1216.7,PO0114,5,243.34,1216.7,GRN0114,5,MATCH,0
INV0115,17-11-2024,V015,Vendor_15,EUR,1,ITM0030,Accessory widget assembly unit device assembly,1,108.09,108.09,PO0115,1,108.09,108.09,GRN0115,1,currency_mismatch,1
INV0115,17-11-2024,V015,Vendor_15,GBP,2,ITM0044,Part part module accessory component,1,172.88,172.88,PO0115,1,172.88,172.88,GRN0115,1,item_not_in_po,1
INV0115,17-11-2024,V015,Vendor_15,GBP,3,ITM0025,Part unit module unit part device device,11,356.37,3920.07,PO0115,11,356.37,3920.07,GRN0115,11,MATCH,0
INV0115,17-11-2024,V015,Vendor_15,GBP,4,ITM0018,Widget part module part component assembly,6,60.55,363.3,PO0115,6,60.55,363.3,GRN0115,6,MATCH,0
INV0115,17-11-2024,V015,Vendor_15,GBP,5,ITM0003,Accessory module widget assembly,17,81.27,1381.59,PO0115,17,81.27,1381.59,GRN0115,17,MATCH,0
INV0116,23-06-2024,V016,Vendor_16,GBP,1,ITM0050,Gadget part part accessory device,5,106.57,532.85,PO0116,5,106.57,532.85,GRN0116,5,MATCH,0
INV0116,23-06-2024,V016,Vendor_16,GBP,2,ITM0003,Module part gadget component widget part,3,169.98,509.94,PO0116,3,169.98,509.94,GRN0116,3,MATCH,0
INV0116,23-06-2024,V016,Vendor_16,GBP,3,ITM0003,Assembly unit component,19,380.45,7228.55,PO0116,19,380.45,7228.55,GRN0116,19,item_not_in_po,1
INV0116,23-06-2024,V016,Vendor_16,GBP,4,ITM0041,Component gadget component component,15,337.21,5058.15,PO0116,15,337.21,5058.15,GRN0116,15,MATCH,0
INV0116,23-06-2024,V016,Vendor_16,GBP,5,ITM0018,Gadget gadget accessory unit,4,107.26,429.04,PO0116,4,107.26,429.04,GRN0116,4,MATCH,0
INV0117,28-06-2024,V018,Vendor_18,GBP,1,ITM0018,Accessory part unit gadget,10,308.57,3085.7,PO0117,10,308.57,3085.7,GRN0117,10,MATCH,0
INV0117,28-06-2024,V018,Vendor_18,GBP,2,ITM0022,Module gadget assembly device widget widget module,5,353.82,2122.92,PO0117,6,353.82,2122.92,GRN0117,6,quantity_mismatch,1
INV0117,28-06-2024,V018,Vendor_18,GBP,3,ITM0038,Unit component part device device assembly,15,286.06,4290.9,PO0117,15,286.06,4290.9,GRN0117,15,MATCH,0
INV0117,28-06-2024,V018,Vendor_18,GBP,4,ITM0006,Widget component unit device assembly accessory,7,431.24,2156.2,PO0117,5,431.24,2156.2,GRN0117,5,quantity_mismatch,1
INV0117,28-06-2024,V018,Vendor_18,USD,5,ITM0040,Accessory module device unit part,11,229.38,2523.18,PO0117,11,229.38,2523.18,GRN0117,11,currency_mismatch,1
INV0118,16-01-2024,V003,Vendor_3,INR,1,ITM0008,Assembly part component module unit,17,55.95,951.15,PO0118,17,55.95,951.15,GRN0118,17,item_not_in_po,1
INV0118,16-01-2024,V003,Vendor_3,INR,2,ITM0046,Component unit part,18,233.18,4197.24,PO0118,18,233.18,4197.24,GRN0118,18,MATCH,0
INV0118,16-01-2024,V003,Vendor_3,INR,3,ITM0038,Component component gadget assembly widget gadget,19,218.42,4149.98,PO0118,19,218.42,4149.98,GRN0118,19,item_not_in_po,1
INV0118,16-01-2024,V003,Vendor_3,INR,4,ITM0028,Part assembly component unit widget accessory unit,16,61.59,985.44,PO0118,16,61.59,985.44,GRN0118,16,MATCH,0
INV0118,16-01-2024,V003,Vendor_3,INR,5,ITM0039,Component widget assembly component module unit,20,386.81,7736.2,PO0118,20,386.81,7736.2,GRN0118,20,MATCH,0
INV0119,13-07-2024,V011,Vendor_11,INR,1,ITM0042,Widget part part,1,379.75,379.75,PO0119,1,379.75,379.75,GRN0119,1,MATCH,0
INV0119,13-07-2024,V011,Vendor_11,INR,2,ITM0043,Assembly component unit assembly,7,342.35,2396.45,PO0119,7,342.35,2396.45,GRN0119,7,MATCH,0
INV0119,13-07-2024,V011,Vendor_11,INR,3,ITM0021,Unit accessory component accessory module,12,495.19,5942.28,PO0119,12,495.19,5942.28,GRN0119,12,MATCH,0
INV0119,13-07-2024,V011,Vendor_11,INR,4,ITM0038,Unit assembly part,10,35.89,358.9,PO0119,10,35.89,358.9,GRN0119,10,MATCH,0
INV0119,13-07-2024,V011,Vendor_11,INR,5,ITM0036,Widget unit accessory,4,431.32,1725.28,PO0119,4,431.32,1725.28,GRN0119,4,MATCH,0
INV0120,16-01-2024,V008,Vendor_8,INR,1,ITM0045,Module component module module assembly unit assembly,7,279.93,1959.51,PO0120,7,279.93,1959.51,GRN0120,7,MATCH,0
INV0120,16-01-2024,V008,Vendor_8,INR,2,ITM0024,Gadget accessory device gadget widget widget,16,330.67,5290.72,PO0120,16,330.67,5290.72,GRN0120,16,MATCH,0
INV0120,16-01-2024,V008,Vendor_8,INR,3,ITM0009,Gadget part part,20,465.5,9310.0,PO0120,20,465.5,9310.0,GRN0120,20,MATCH,0
INV0120,16-01-2024,V008,Vendor_8,INR,4,ITM0040,Assembly module part module,8,96.97,775.76,PO0120,8,96.97,775.76,GRN0120,8,MATCH,0
INV0120,16-01-2024,V008,Vendor_8,INR,5,ITM0039,Unit part component,17,138.28,2350.76,PO0120,17,138.28,2350.76,GRN0120,17,MATCH,0
INV0121,06-10-2024,V019,Vendor_19,GBP,1,ITM0003,Unit device gadget,16,481.06,7696.96,PO0121,16,481.06,7696.96,GRN0121,16,MATCH,0
INV0121,06-10-2024,V019,Vendor_19,GBP,2,ITM0006,Device assembly part device,9,235.14,2116.26,PO0121,9,235.14,2116.26,GRN0121,9,MATCH,0
INV0121,06-10-2024,V019,Vendor_19,GBP,3,ITM0006,Accessory widget assembly device accessory widget unit,19,159.69,3034.11,PO0121,19,159.69,3034.11,GRN0121,19,MATCH,0
INV0121,06-10-2024,V019,Vendor_19,GBP,4,ITM0004,Assembly widget assembly accessory unit,11,213.4,2347.4,PO0121,11,213.4,2347.4,GRN0121,11,MATCH,0
INV0121,06-10-2024,V019,Vendor_19,GBP,5,ITM0019,Gadget device unit component part,9,35.4,318.6,PO0121,9,35.4,318.6,GRN0121,9,MATCH,0
INV0122_DUP,30-08-2024,V019,Vendor_19,EUR,1,ITM0037,Unit component device,1,146.97,146.97,PO0122,1,146.97,146.97,GRN0122,1,duplicate_invoice,1
INV0122,30-08-2024,V019,Vendor_19,EUR,2,ITM0006,Assembly part component gadget,9,141.23,1271.07,PO0122,9,141.23,1271.07,GRN0122,9,MATCH,0
INV0122_DUP,30-08-2024,V019,Vendor_19,EUR,3,ITM0017,Device unit accessory,5,331.28,1656.4,PO0122,5,331.28,1656.4,GRN0122,5,duplicate_invoice,1
INV0122,30-08-2024,V019,Vendor_19,EUR,4,ITM0024,Component device assembly part,2,174.71,349.42,PO0122,2,174.71,349.42,GRN0122,2,MATCH,0
INV0122,30-08-2024,V019,Vendor_19,EUR,5,ITM0006,Unit part part device,14,386.33,5408.62,PO0122,14,386.33,5408.62,GRN0122,14,MATCH,0
INV0123,01-05-2024,V015,Vendor_15,EUR,1,ITM0014,Device module unit device gadget gadget module,10,240.75,2407.5,PO0123,10,240.75,2407.5,GRN0123,10,MATCH,0
INV0123_DUP,01-05-2024,V015,Vendor_15,EUR,2,ITM0049,Component device module component assembly module component,15,194.09,2911.35,PO0123,15,194.09,2911.35,GRN0123,15,duplicate_invoice,1
INV0123,01-05-2024,V015,Vendor_15,EUR,3,ITM0021,Device widget accessory unit accessory module accessory,9,170.81,1537.29,PO0123,9,170.81,1537.29,GRN0123,9,MATCH,0
INV0123,01-05-2024,V015,Vendor_15,EUR,4,ITM0018,Component unit assembly,6,368.49,2947.92,PO0123,8,368.49,2947.92,GRN0123,8,quantity_mismatch,1
INV0123,01-05-2024,V015,Vendor_15,EUR,5,ITM0038,Assembly device accessory component,1,382.5,338.04,PO0123,1,338.04,338.04,GRN0123,1,price_mismatch,1
INV0124,04-02-2024,V001,Vendor_1,INR,1,ITM0007,Widget assembly gadget component gadget widget widget,20,330.02,6600.4,PO0124,20,330.02,6600.4,GRN0124,20,item_not_in_po,1
INV0124,04-02-2024,V001,Vendor_1,GBP,2,ITM0014,Unit device gadget part gadget unit accessory,19,402.58,7649.02,PO0124,19,402.58,7649.02,GRN0124,19,currency_mismatch,1
INV0124,04-02-2024,V001,Vendor_1,INR,3,ITM0012,Device component assembly,3,321.2,963.6,PO0124,3,321.2,963.6,GRN0124,3,MATCH,0
INV0124,04-02-2024,V001,Vendor_1,INR,4,ITM0018,Device device device component part component,2,194.49,388.98,PO0124,2,194.49,388.98,GRN0124,2,MATCH,0
INV0124,04-02-2024,V001,Vendor_1,INR,5,ITM0022,Component part gadget,3,248.4,745.2,PO0124,3,248.4,745.2,GRN0124,0,grn_not_received,1
INV0125,12-04-2024,V020,Vendor_20,INR,1,ITM0012,Widget assembly module unit widget module,9,56.13,505.17,PO0125,9,56.13,505.17,GRN0125,9,MATCH,0
INV0125,12-04-2024,V020,Vendor_20,INR,2,ITM0005,Unit component assembly,16,78.68,1258.88,PO0125,16,78.68,1258.88,GRN0125,16,MATCH,0
INV0125_DUP,12-04-2024,V020,Vendor_20,INR,3,ITM0041,Accessory unit component,11,452.79,4980.69,PO0125,11,452.79,4980.69,GRN0125,11,duplicate_invoice,1
INV0125,12-04-2024,V020,Vendor_20,INR,4,ITM0037,Assembly accessory assembly,14,204.94,2869.16,PO0125,14,204.94,2869.16,GRN0125,14,MATCH,0
INV0125,12-04-2024,V020,Vendor_20,INR,5,ITM0047,Assembly widget accessory,16,65.0,1040.0,PO0125,16,65.0,1040.0,GRN0125,16,MATCH,0
INV0126,01-10-2024,V012,Vendor_12,GBP,1,ITM0044,Module unit accessory widget assembly,11,51.56,493.13,PO0126,11,44.83,493.13,GRN0126,11,price_mismatch,1
INV0126,01-10-2024,V012,Vendor_12,GBP,2,ITM0030,Unit gadget widget module gadget,13,448.75,5833.75,PO0126,13,448.75,5833.75,GRN0126,13,MATCH,0
INV0126,01-10-2024,V012,Vendor_12,GBP,3,ITM0041,Assembly part module gadget widget,1,361.27,361.27,PO0126,1,361.27,361.27,GRN0126,1,MATCH,0
INV0126,01-10-2024,V012,Vendor_12,GBP,4,ITM0038,Assembly widget assembly component,18,482.65,8687.7,PO0126,18,482.65,8687.7,GRN0126,18,MATCH,0
INV0126,01-10-2024,V012,Vendor_12,GBP,5,ITM0029,Widget widget part,2,205.73,411.46,PO0126,2,205.73,411.46,GRN0126,2,MATCH,0
INV0127,18-04-2024,V017,Vendor_17,INR,1,ITM0044,Gadget unit accessory widget gadget unit assembly,20,27.67,553.4,PO0127,20,27.67,553.4,GRN0127,20,MATCH,0
INV0127,18-04-2024,V017,Vendor_17,INR,2,ITM0045,Widget unit accessory part,4,230.81,923.24,PO0127,4,230.81,923.24,GRN0127,0,grn_not_received,1
INV0127,18-04-2024,V017,Vendor_17,INR,3,ITM0011,Widget part gadget unit unit widget gadget,11,406.7,4473.7,PO0127,11,406.7,4473.7,GRN0127,11,MATCH,0
INV0127,18-04-2024,V017,Vendor_17,INR,4,ITM0048,Component accessory unit gadget part part,2,298.58,597.16,PO0127,2,298.58,597.16,GRN0127,0,grn_not_received,1
INV0127,18-04-2024,V017,Vendor_17,INR,5,ITM0022,Gadget gadget module,12,278.94,3347.28,PO0127,12,278.94,3347.28,GRN0127,12,MATCH,0
INV0128,12-08-2024,V008,Vendor_8,USD,1,ITM0009,Part unit module,6,13.55,76.44,PO0128,6,12.74,76.44,GRN0128,6,price_mismatch,1
INV0128,12-08-2024,V008,Vendor_8,USD,2,ITM0032,Widget gadget widget,19,444.02,8436.38,PO0128,19,444.02,8436.38,GRN0128,19,MATCH,0
INV0128,12-08-2024,V008,Vendor_8,USD,3,ITM0027,Device gadget unit assembly module accessory,20,347.38,6947.6,PO0128,20,347.38,6947.6,GRN0128,20,MATCH,0
INV0128,12-08-2024,V008,Vendor_8,USD,4,ITM0039,Device unit widget part,10,177.19,1771.9,PO0128,10,177.19,1771.9,GRN0128,10,MATCH,0
INV0128,12-08-2024,V008,Vendor_8,USD,5,ITM0001,Component gadget assembly widget module device assembly,8,234.79,1878.32,PO0128,8,234.79,1878.32,GRN0128,8,MATCH,0
INV0129,16-11-2024,V007,Vendor_7,GBP,1,ITM0004,Gadget gadget part accessory,16,92.28,1476.48,PO0129,16,92.28,1476.48,GRN0129,16,MATCH,0
INV0129,16-11-2024,V007,Vendor_7,GBP,2,ITM0043,Widget module gadget,9,170.48,1534.32,PO0129,9,170.48,1534.32,GRN0129,9,MATCH,0
INV0129,16-11-2024,V007,Vendor_7,GBP,3,ITM0049,Widget device accessory gadget part assembly,4,40.08,160.32,PO0129,4,40.08,160.32,GRN0129,0,grn_not_received,1
INV0129_DUP,16-11-2024,V007,Vendor_7,GBP,4,ITM0016,Unit component gadget device component part,11,117.75,1295.25,PO0129,11,117.75,1295.25,GRN0129,11,duplicate_invoice,1
INV0129,16-11-2024,V007,Vendor_7,GBP,5,ITM0016,Part module gadget assembly assembly accessory,5,112.0,560.0,PO0129,5,112.0,560.0,GRN0129,5,MATCH,0
INV0130,08-11-2024,V015,Vendor_15,EUR,1,ITM0025,Gadget device unit accessory gadget,5,20.89,104.45,PO0130,5,20.89,104.45,GRN0130,5,MATCH,0
INV0130,08-11-2024,V015,Vendor_15,EUR,2,ITM0037,Component widget assembly,14,89.74,1256.36,PO0130,14,89.74,1256.36,GRN0130,14,MATCH,0
INV0130_DUP,08-11-2024,V015,Vendor_15,EUR,3,ITM0022,Part unit part unit,20,453.26,9065.2,PO0130,20,453.26,9065.2,GRN0130,20,duplicate_invoice,1
INV0130,08-11-2024,V015,Vendor_15,EUR,4,ITM0037,Part widget part assembly accessory unit part,9,12.18,109.62,PO0130,9,12.18,109.62,GRN0130,9,MATCH,0
INV0130,08-11-2024,V015,Vendor_15,EUR,5,ITM0028,Component module component accessory,5,526.44,2286.55,PO0130,5,457.31,2286.55,GRN0130,5,price_mismatch,1
INV0131,03-01-2024,V014,Vendor_14,USD,1,ITM0003,Device assembly module module part device,4,228.96,915.84,PO0131,4,228.96,915.84,GRN0131,4,MATCH,0
INV0131,03-01-2024,V014,Vendor_14,USD,2,ITM0016,Unit widget device,7,70.69,494.83,PO0131,7,70.69,494.83,GRN0131,7,MATCH,0
INV0131,03-01-2024,V014,Vendor_14,USD,3,ITM0019,Unit widget assembly component,15,429.67,6445.05,PO0131,15,429.67,6445.05,GRN0131,15,MATCH,0
INV0131,03-01-2024,V014,Vendor_14,USD,4,ITM0048,Widget assembly device part module part module,15,353.43,5301.45,PO0131,15,353.43,5301.45,GRN0131,15,MATCH,0
INV0131,03-01-2024,V014,Vendor_14,USD,5,ITM0001,Module device assembly,11,215.82,2158.2,PO0131,10,215.82,2158.2,GRN0131,10,quantity_mismatch,1
INV0132,18-05-2024,V020,Vendor_20,EUR,1,ITM0044,Unit module accessory,17,472.93,8039.81,PO0132,17,472.93,8039.81,GRN0132,17,MATCH,0
INV0132,18-05-2024,V020,Vendor_20,EUR,2,ITM0044,Part widget module unit module,6,325.85,1955.1,PO0132,6,325.85,1955.1,GRN0132,6,MATCH,0
INV0132,18-05-2024,V020,Vendor_20,EUR,3,ITM0046,Unit device gadget,11,123.12,1354.32,PO0132,11,123.12,1354.32,GRN0132,11,MATCH,0
INV0132,18-05-2024,V020,Vendor_20,EUR,4,ITM0008,Device device part device device device,11,179.59,1975.49,PO0132,11,179.59,1975.49,GRN0132,11,MATCH,0
INV0132,18-05-2024,V020,Vendor_20,EUR,5,ITM0018,Device component widget module assembly assembly gadget,18,389.53,6133.68,PO0132,18,340.76,6133.68,GRN0132,18,price_mismatch,1
INV0133,29-09-2024,V010,Vendor_10,INR,1,ITM0040,Part accessory part accessory widget,15,48.22,723.3,PO0133,15,48.22,723.3,GRN0133,15,MATCH,0
INV0133,29-09-2024,V010,Vendor_10,INR,2,ITM0026,Component accessory widget component,5,250.68,1253.4,PO0133,5,250.68,1253.4,GRN0133,5,MATCH,0
INV0133,29-09-2024,V010,Vendor_10,INR,3,ITM0014,Accessory widget module device accessory assembly module,1,149.3,149.3,PO0133,1,149.3,149.3,GRN0133,1,MATCH,0
INV0133,29-09-2024,V010,Vendor_10,INR,4,ITM0005,Part component accessory,11,208.79,2296.69,PO0133,11,208.79,2296.69,GRN0133,11,MATCH,0
INV0133,29-09-2024,V010,Vendor_10,INR,5,ITM0022,Assembly unit assembly assembly assembly,19,70.32,1336.08,PO0133,19,70.32,1336.08,GRN0133,19,MATCH,0
INV0134,05-06-2024,V006,Vendor_6,GBP,1,ITM0015,Module component part gadget component accessory,20,462.45,9249.0,PO0134,20,462.45,9249.0,GRN0134,20,MATCH,0
INV0134,05-06-2024,V006,Vendor_6,GBP,2,ITM0046,Component accessory part device unit gadget component,2,496.92,993.84,PO0134,2,496.92,993.84,GRN0134,2,MATCH,0
INV0134,05-06-2024,V006,Vendor_6,GBP,3,ITM0037,Module module gadget device,11,489.12,5380.32,PO0134,11,489.12,5380.32,GRN0134,11,MATCH,0
INV0134,05-06-2024,V006,Vendor_6,INR,4,ITM0010,Assembly accessory assembly gadget widget,16,385.42,6166.72,PO0134,16,385.42,6166.72,GRN0134,16,currency_mismatch,1
INV0134,05-06-2024,V006,Vendor_6,GBP,5,ITM0030,Gadget accessory assembly assembly unit,10,239.59,2395.9,PO0134,10,239.59,2395.9,GRN0134,10,MATCH,0
INV0135,28-05-2024,V019,Vendor_19,EUR,1,ITM0037,Module gadget assembly widget device gadget,1,203.81,203.81,PO0135,1,203.81,203.81,GRN0135,1,MATCH,0
INV0135,28-05-2024,V019,Vendor_19,EUR,2,ITM0015,Module component unit gadget assembly part,9,101.88,916.92,PO0135,9,101.88,916.92,GRN0135,9,MATCH,0
INV0135,28-05-2024,V019,Vendor_19,EUR,3,ITM0006,Part device accessory accessory module assembly unit,17,562.5,8023.66,PO0135,17,471.98,8023.66,GRN0135,17,price_mismatch,1
INV0135,28-05-2024,V019,Vendor_19,EUR,4,ITM0043,Module device module module widget,12,178.92,2147.04,PO0135,12,178.92,2147.04,GRN0135,12,MATCH,0
INV0135,28-05-2024,V019,Vendor_19,EUR,5,ITM0029,Widget device module accessory part component part,14,365.66,5119.24,PO0135,14,365.66,5119.24,GRN0135,14,MATCH,0
INV0136,31-07-2024,V005,Vendor_5,USD,1,ITM0010,Component accessory assembly module,19,379.28,7206.32,PO0136,19,379.28,7206.32,GRN0136,19,MATCH,0
INV0136,31-07-2024,V005,Vendor_5,USD,2,ITM0006,Module accessory module,21,233.75,4207.5,PO0136,18,233.75,4207.5,GRN0136,18,quantity_mismatch,1
INV0136,31-07-2024,V005,Vendor_5,EUR,3,ITM0037,Gadget part component assembly,10,418.12,4181.2,PO0136,10,418.12,4181.2,GRN0136,10,currency_mismatch,1
INV0136,31-07-2024,V005,Vendor_5,USD,4,ITM0020,Unit assembly widget widget component accessory,16,66.47,1063.52,PO0136,16,66.47,1063.52,GRN0136,0,grn_not_received,1
INV0136,31-07-2024,V005,Vendor_5,USD,5,ITM0043,Module assembly device component gadget,9,249.06,2241.54,PO0136,9,249.06,2241.54,GRN0136,9,MATCH,0
INV0137,04-02-2024,V020,Vendor_20,GBP,1,ITM0038,Unit part unit assembly device gadget,17,367.81,6252.77,PO0137,17,367.81,6252.77,GRN0137,17,item_not_in_po,1
INV0137,04-02-2024,V020,Vendor_20,GBP,2,ITM0002,Gadget widget component part gadget,6,31.18,187.08,PO0137,6,31.18,187.08,GRN0137,6,MATCH,0
INV0137,04-02-2024,V020,Vendor_20,GBP,3,ITM0024,Unit accessory widget component unit widget,7,384.39,2690.73,PO0137,7,384.39,2690.73,GRN0137,7,MATCH,0
INV0137,04-02-2024,V020,Vendor_20,GBP,4,ITM0012,Unit gadget component,11,459.69,4557.08,PO0137,11,414.28,4557.08,GRN0137,11,price_mismatch,1
INV0137,04-02-2024,V020,Vendor_20,GBP,5,ITM0044,Component device module assembly module,5,11.38,56.9,PO0137,5,11.38,56.9,GRN0137,5,MATCH,0
INV0138,22-09-2024,V010,Vendor_10,GBP,1,ITM0050,Module accessory gadget gadget assembly part,18,308.65,5555.7,PO0138,18,308.65,5555.7,GRN0138,18,MATCH,0
INV0138,22-09-2024,V010,Vendor_10,GBP,2,ITM0034,Device device part module accessory gadget gadget,3,242.36,242.36,PO0138,1,242.36,242.36,GRN0138,1,quantity_mismatch,1
INV0138,22-09-2024,V010,Vendor_10,GBP,3,ITM0020,Gadget module accessory assembly accessory,6,356.4,2138.4,PO0138,6,356.4,2138.4,GRN0138,6,item_not_in_po,1
INV0138,22-09-2024,V010,Vendor_10,GBP,4,ITM0002,Component part gadget,8,157.18,1257.44,PO0138,8,157.18,1257.44,GRN0138,8,MATCH,0
INV0138,22-09-2024,V010,Vendor_10,GBP,5,ITM0014,Accessory module device gadget,1,388.47,388.47,PO0138,1,388.47,388.47,GRN0138,1,MATCH,0
INV0139,08-08-2024,V002,Vendor_2,EUR,1,ITM0007,Part assembly widget,4,454.72,1818.88,PO0139,4,454.72,1818.88,GRN0139,4,MATCH,0
INV0139,08-08-2024,V002,Vendor_2,EUR,2,ITM0003,Component widget widget,4,460.45,1841.8,PO0139,4,460.45,1841.8,GRN0139,4,MATCH,0
INV0139,08-08-2024,V002,Vendor_2,EUR,3,ITM0014,Accessory gadget module widget part accessory accessory,12,179.34,2152.08,PO0139,12,179.34,2152.08,GRN0139,12,MATCH,0
INV0139,08-08-2024,V002,Vendor_2,EUR,4,ITM0033,Component unit widget unit widget gadget gadget,10,90.03,900.3,PO0139,10,90.03,900.3,GRN0139,10,MATCH,0
INV0139,08-08-2024,V002,Vendor_2,EUR,5,ITM0049,Widget device accessory accessory part assembly device,6,222.63,1335.78,PO0139,6,222.63,1335.78,GRN0139,6,MATCH,0
INV0140,24-02-2024,V006,Vendor_6,GBP,1,ITM0025,Gadget component gadget accessory gadget widget,5,250.43,1252.15,PO0140,5,250.43,1252.15,GRN0140,5,MATCH,0
INV0140,24-02-2024,V006,Vendor_6,GBP,2,ITM0024,Unit widget component gadget component,20,369.41,7388.2,PO0140,20,369.41,7388.2,GRN0140,20,MATCH,0
INV0140,24-02-2024,V006,Vendor_6,GBP,3,ITM0044,Component module accessory module part accessory,16,469.85,7517.6,PO0140,16,469.85,7517.6,GRN0140,16,MATCH,0
INV0140,24-02-2024,V006,Vendor_6,GBP,4,ITM0024,Widget device device module,17,330.98,5626.66,PO0140,17,330.98,5626.66,GRN0140,17,MATCH,0
INV0140,24-02-2024,V006,Vendor_6,GBP,5,ITM0006,Gadget module unit,4,372.01,1488.04,PO0140,4,372.01,1488.04,GRN0140,4,MATCH,0
INV0141,27-03-2024,V003,Vendor_3,GBP,1,ITM0013,Gadget part module component module,16,142.87,2285.92,PO0141,16,142.87,2285.92,GRN0141,16,MATCH,0
INV0141,27-03-2024,V003,Vendor_3,GBP,2,ITM0046,Unit device part accessory module device accessory,16,258.15,4130.4,PO0141,16,258.15,4130.4,GRN0141,16,MATCH,0
INV0141,27-03-2024,V003,Vendor_3,GBP,3,ITM0010,Widget component assembly unit gadget widget,1,416.0,832.0,PO0141,2,416.0,832.0,GRN0141,2,quantity_mismatch,1
INV0141,27-03-2024,V003,Vendor_3,GBP,4,ITM0032,Accessory module device,5,154.86,774.3,PO0141,5,154.86,774.3,GRN0141,5,MATCH,0
INV0141,27-03-2024,V003,Vendor_3,GBP,5,ITM0040,Device unit assembly,16,397.4,6358.4,PO0141,16,397.4,6358.4,GRN0141,16,MATCH,0
INV0142,13-04-2024,V010,Vendor_10,INR,1,ITM0032,Component module part assembly accessory widget module,4,194.9,779.6,PO0142,4,194.9,779.6,GRN0142,4,MATCH,0
INV0142,13-04-2024,V010,Vendor_10,INR,2,ITM0021,Module widget gadget unit part part,6,248.28,1489.68,PO0142,6,248.28,1489.68,GRN0142,6,MATCH,0
INV0142,13-04-2024,V010,Vendor_10,INR,3,ITM0009,Device assembly widget device unit,18,288.24,5188.32,PO0142,18,288.24,5188.32,GRN0142,18,item_not_in_po,1
INV0142,13-04-2024,V010,Vendor_10,INR,4,ITM0031,Part assembly module assembly accessory unit module,10,163.64,1636.4,PO0142,10,163.64,1636.4,GRN0142,10,MATCH,0
INV0142,13-04-2024,V010,Vendor_10,INR,5,ITM0002,Widget part module device widget accessory module,4,216.93,867.72,PO0142,4,216.93,867.72,GRN0142,4,MATCH,0
INV0143,01-07-2024,V014,Vendor_14,GBP,1,ITM0004,Component unit unit accessory,3,435.13,1305.39,PO0143,3,435.13,1305.39,GRN0143,3,MATCH,0
INV0143,01-07-2024,V014,Vendor_14,GBP,2,ITM0008,Gadget assembly widget unit module,17,451.2,7670.4,PO0143,17,451.2,7670.4,GRN0143,17,MATCH,0
INV0143,01-07-2024,V014,Vendor_14,GBP,3,ITM0018,Device unit accessory,13,287.33,3735.29,PO0143,13,287.33,3735.29,GRN0143,13,MATCH,0
INV0143,01-07-2024,V014,Vendor_14,GBP,4,ITM0021,Widget assembly device gadget assembly part device,6,309.34,1856.04,PO0143,6,309.34,1856.04,GRN0143,6,MATCH,0
INV0143,01-07-2024,V014,Vendor_14,GBP,5,ITM0024,Gadget unit accessory widget part gadget,10,28.53,256.77,PO0143,9,28.53,256.77,GRN0143,9,quantity_mismatch,1
INV0144,20-10-2024,V013,Vendor_13,EUR,1,ITM0040,Device unit unit,9,38.3,344.7,PO0144,9,38.3,344.7,GRN0144,9,MATCH,0
INV0144,20-10-2024,V013,Vendor_13,EUR,2,ITM0034,Module module widget part assembly component,18,160.11,2881.98,PO0144,18,160.11,2881.98,GRN0144,18,item_not_in_po,1
INV0144,20-10-2024,V013,Vendor_13,EUR,3,ITM0027,Component assembly device assembly part unit,17,432.04,7344.68,PO0144,17,432.04,7344.68,GRN0144,17,MATCH,0
INV0144,20-10-2024,V013,Vendor_13,EUR,4,ITM0037,Gadget accessory device assembly accessory assembly,20,427.12,8542.4,PO0144,20,427.12,8542.4,GRN0144,20,MATCH,0
INV0144_DUP,20-10-2024,V013,Vendor_13,EUR,5,ITM0028,Device widget gadget assembly component device device,14,208.08,2913.12,PO0144,14,208.08,2913.12,GRN0144,14,duplicate_invoice,1
INV0145,02-02-2024,V007,Vendor_7,INR,1,ITM0018,Unit component unit module gadget,6,18.71,130.97,PO0145,7,18.71,130.97,GRN0145,7,quantity_mismatch,1
INV0145,02-02-2024,V007,Vendor_7,INR,2,ITM0020,Assembly accessory module accessory gadget component,1,132.91,132.91,PO0145,1,132.91,132.91,GRN0145,1,MATCH,0
INV0145,02-02-2024,V007,Vendor_7,INR,3,ITM0018,Gadget part accessory assembly widget part widget,20,152.5,3050.0,PO0145,20,152.5,3050.0,GRN0145,20,MATCH,0
INV0145,02-02-2024,V007,Vendor_7,INR,4,ITM0005,Accessory device part module part part,8,60.41,483.28,PO0145,8,60.41,483.28,GRN0145,8,MATCH,0
INV0145,02-02-2024,V007,Vendor_7,INR,5,ITM0048,Accessory assembly part accessory accessory component part,8,301.91,2415.28,PO0145,8,301.91,2415.28,GRN0145,0,grn_not_received,1
INV0146,09-06-2024,V011,Vendor_11,INR,1,ITM0048,Accessory gadget widget gadget,9,222.54,2002.86,PO0146,9,222.54,2002.86,GRN0146,9,MATCH,0
INV0146,09-06-2024,V011,Vendor_11,INR,2,ITM0017,Widget assembly device gadget assembly assembly component,9,440.32,3962.88,PO0146,9,440.32,3962.88,GRN0146,9,MATCH,0
INV0146,09-06-2024,V011,Vendor_11,INR,3,ITM0010,Assembly module component unit accessory,2,421.53,843.06,PO0146,2,421.53,843.06,GRN0146,2,MATCH,0
INV0146,09-06-2024,V011,Vendor_11,INR,4,ITM0043,Device part component,18,195.42,3517.56,PO0146,18,195.42,3517.56,GRN0146,18,MATCH,0
INV0146,09-06-2024,V011,Vendor_11,INR,5,ITM0041,Accessory device assembly component module,1,455.35,455.35,PO0146,1,455.35,455.35,GRN0146,1,MATCH,0
INV0147,20-07-2024,V009,Vendor_9,GBP,1,ITM0006,Component part gadget module,11,440.34,4843.74,PO0147,11,440.34,4843.74,GRN0147,11,MATCH,0
INV0147,20-07-2024,V009,Vendor_9,GBP,2,ITM0050,Part component widget part assembly device,11,360.11,3961.21,PO0147,11,360.11,3961.21,GRN0147,11,MATCH,0
INV0147,20-07-2024,V009,Vendor_9,GBP,3,ITM0007,Device assembly module unit,18,438.88,6663.6,PO0147,18,370.2,6663.6,GRN0147,18,price_mismatch,1
INV0147,20-07-2024,V009,Vendor_9,GBP,4,ITM0030,Device unit gadget,15,396.55,5948.25,PO0147,15,396.55,5948.25,GRN0147,15,MATCH,0
INV0147,20-07-2024,V009,Vendor_9,GBP,5,ITM0009,Module unit component,3,59.86,179.58,PO0147,3,59.86,179.58,GRN0147,3,MATCH,0
INV0148,07-05-2024,V017,Vendor_17,EUR,1,ITM0039,Part component assembly device component device,11,400.77,4408.47,PO0148,11,400.77,4408.47,GRN0148,11,MATCH,0
INV0148,07-05-2024,V017,Vendor_17,EUR,2,ITM0013,Module gadget part,19,116.12,2206.28,PO0148,19,116.12,2206.28,GRN0148,19,MATCH,0
INV0148,07-05-2024,V017,Vendor_17,EUR,3,ITM0002,Unit unit accessory accessory gadget device gadget,13,310.91,4041.83,PO0148,13,310.91,4041.83,GRN0148,13,MATCH,0
INV0148,07-05-2024,V017,Vendor_17,EUR,4,ITM0039,Gadget accessory gadget unit widget,17,220.4,3746.8,PO0148,17,220.4,3746.8,GRN0148,17,MATCH,0
INV0148,07-05-2024,V017,Vendor_17,EUR,5,ITM0030,Gadget device gadget part part component,16,194.13,3106.08,PO0148,16,194.13,3106.08,GRN0148,16,MATCH,0
INV0149,08-08-2024,V007,Vendor_7,EUR,1,ITM0019,Module module gadget component,9,121.57,1094.13,PO0149,9,121.57,1094.13,GRN0149,9,MATCH,0
INV0149,08-08-2024,V007,Vendor_7,EUR,2,ITM0029,Module device assembly widget,5,436.36,2181.8,PO0149,5,436.36,2181.8,GRN0149,5,MATCH,0
INV0149,08-08-2024,V007,Vendor_7,EUR,3,ITM0045,Device device device device component widget,2,30.8,61.6,PO0149,2,30.8,61.6,GRN0149,2,MATCH,0
INV0149,08-08-2024,V007,Vendor_7,EUR,4,ITM0016,Accessory accessory accessory accessory unit device,2,7.65,15.3,PO0149,2,7.65,15.3,GRN0149,2,MATCH,0
INV0149,08-08-2024,V007,Vendor_7,EUR,5,ITM0033,Module accessory device gadget accessory widget gadget,6,254.35,1526.1,PO0149,6,254.35,1526.1,GRN0149,6,MATCH,0
INV0150,22-06-2024,V015,Vendor_15,EUR,1,ITM0006,Device module component component accessory,16,436.48,6983.68,PO0150,16,436.48,6983.68,GRN0150,0,grn_not_received,1
INV0150,22-06-2024,V015,Vendor_15,EUR,2,ITM0018,Accessory component part unit device,9,260.9,2348.1,PO0150,9,260.9,2348.1,GRN0150,9,item_not_in_po,1
INV0150,22-06-2024,V015,Vendor_15,EUR,3,ITM0028,Component accessory device gadget,15,31.34,470.1,PO0150,15,31.34,470.1,GRN0150,15,MATCH,0
INV0150,22-06-2024,V015,Vendor_15,EUR,4,ITM0010,Component widget component,15,221.03,3315.45,PO0150,15,221.03,3315.45,GRN0150,15,MATCH,0
INV0150,22-06-2024,V015,Vendor_15,EUR,5,ITM0032,Module accessory unit,15,249.03,3735.45,PO0150,15,249.03,3735.45,GRN0150,15,MATCH,0
INV0151,16-03-2024,V004,Vendor_4,GBP,1,ITM0006,Part gadget gadget assembly,9,283.81,2554.29,PO0151,9,283.81,2554.29,GRN0151,9,MATCH,0
INV0151,16-03-2024,V004,Vendor_4,GBP,2,ITM0043,Gadget accessory widget device gadget accessory component,16,340.07,5441.12,PO0151,16,340.07,5441.12,GRN0151,16,MATCH,0
INV0151,16-03-2024,V004,Vendor_4,GBP,3,ITM0022,Component accessory gadget,12,297.22,3566.64,PO0151,12,297.22,3566.64,GRN0151,12,MATCH,0
INV0151,16-03-2024,V004,Vendor_4,GBP,4,ITM0007,Gadget widget part unit assembly,9,299.13,2692.17,PO0151,9,299.13,2692.17,GRN0151,9,MATCH,0
INV0151,16-03-2024,V004,Vendor_4,GBP,5,ITM0001,Accessory unit accessory component device,19,69.01,1311.19,PO0151,19,69.01,1311.19,GRN0151,19,MATCH,0
INV0152,25-01-2024,V010,Vendor_10,GBP,1,ITM0004,Assembly unit widget,9,93.12,838.08,PO0152,9,93.12,838.08,GRN0152,9,MATCH,0
INV0152,25-01-2024,V010,Vendor_10,INR,2,ITM0050,Widget part gadget part component device,5,64.7,323.5,PO0152,5,64.7,323.5,GRN0152,5,currency_mismatch,1
INV0152,25-01-2024,V010,Vendor_10,GBP,3,ITM0032,Device accessory accessory unit module widget,12,258.76,3105.12,PO0152,12,258.76,3105.12,GRN0152,12,MATCH,0
INV0152,25-01-2024,V010,Vendor_10,GBP,4,ITM0032,Part assembly unit module device part,20,97.25,1945.0,PO0152,20,97.25,1945.0,GRN0152,20,MATCH,0
INV0152,25-01-2024,V010,Vendor_10,GBP,5,ITM0041,Widget assembly accessory device unit device,16,266.0,4256.0,PO0152,16,266.0,4256.0,GRN0152,16,MATCH,0
INV0153,27-11-2024,V017,Vendor_17,USD,1,ITM0019,Module accessory assembly gadget gadget accessory,8,263.93,2111.44,PO0153,8,263.93,2111.44,GRN0153,8,MATCH,0
INV0153,27-11-2024,V017,Vendor_17,USD,2,ITM0019,Widget widget widget widget module widget unit,19,407.35,7739.65,PO0153,19,407.35,7739.65,GRN0153,19,MATCH,0
INV0153,27-11-2024,V017,Vendor_17,USD,3,ITM0023,Unit device widget device assembly,6,422.24,2533.44,PO0153,6,422.24,2533.44,GRN0153,6,MATCH,0
INV0153,27-11-2024,V017,Vendor_17,USD,4,ITM0003,Module device component,15,379.89,5698.35,PO0153,15,379.89,5698.35,GRN0153,15,MATCH,0
INV0153,27-11-2024,V017,Vendor_17,USD,5,ITM0029,Part module accessory part gadget widget accessory,9,436.45,3928.05,PO0153,9,436.45,3928.05,GRN0153,9,MATCH,0
INV0154,24-02-2024,V014,Vendor_14,USD,1,ITM0001,Gadget gadget assembly device part accessory,20,364.33,7286.6,PO0154,20,364.33,7286.6,GRN0154,20,MATCH,0
INV0154,24-02-2024,V014,Vendor_14,USD,2,ITM0020,Part unit device accessory device part widget,5,11.87,59.35,PO0154,5,11.87,59.35,GRN0154,5,MATCH,0
INV0154,24-02-2024,V014,Vendor_14,USD,3,ITM0008,Device gadget widget,16,326.07,5217.12,PO0154,16,326.07,5217.12,GRN0154,16,MATCH,0
INV0154,24-02-2024,V014,Vendor_14,USD,4,ITM0042,Module unit part gadget,10,386.01,3860.1,PO0154,10,386.01,3860.1,GRN0154,10,MATCH,0
INV0154,24-02-2024,V014,Vendor_14,USD,5,ITM0010,Module gadget accessory device assembly assembly,1,430.6,430.6,PO0154,1,430.6,430.6,GRN0154,1,MATCH,0
INV0155,26-10-2024,V008,Vendor_8,EUR,1,ITM0019,Part module module widget part module module,16,369.85,5917.6,PO0155,16,369.85,5917.6,GRN0155,16,MATCH,0
INV0155,26-10-2024,V008,Vendor_8,EUR,2,ITM0039,Accessory widget module assembly device accessory accessory,16,119.79,1916.64,PO0155,16,119.79,1916.64,GRN0155,16,MATCH,0
INV0155,26-10-2024,V008,Vendor_8,EUR,3,ITM0004,Widget unit assembly component unit accessory gadget,20,469.79,9395.8,PO0155,20,469.79,9395.8,GRN0155,20,MATCH,0
INV0155,26-10-2024,V008,Vendor_8,EUR,4,ITM0023,Device widget component gadget module component,8,295.89,2367.12,PO0155,8,295.89,2367.12,GRN0155,8,MATCH,0
INV0155,26-10-2024,V008,Vendor_8,EUR,5,ITM0044,Accessory part device assembly part,13,480.1,6241.3,PO0155,13,480.1,6241.3,GRN0155,13,MATCH,0
INV0156,10-12-2024,V012,Vendor_12,INR,1,ITM0011,Gadget device widget assembly gadget gadget assembly,14,471.81,6605.34,PO0156,14,471.81,6605.34,GRN0156,14,MATCH,0
INV0156,10-12-2024,V012,Vendor_12,INR,2,ITM0032,Component unit accessory module component,6,91.48,548.88,PO0156,6,91.48,548.88,GRN0156,6,item_not_in_po,1
INV0156,10-12-2024,V012,Vendor_12,INR,3,ITM0033,Part module gadget,8,64.74,517.92,PO0156,8,64.74,517.92,GRN0156,8,MATCH,0
INV0156,10-12-2024,V012,Vendor_12,INR,4,ITM0015,Component module module widget part component,5,427.44,2137.2,PO0156,5,427.44,2137.2,GRN0156,5,MATCH,0
INV0156,10-12-2024,V012,Vendor_12,INR,5,ITM0033,Device device accessory module assembly part widget,6,391.92,1567.68,PO0156,4,391.92,1567.68,GRN0156,4,quantity_mismatch,1
INV0157,08-11-2024,V004,Vendor_4,USD,1,ITM0033,Gadget gadget gadget,12,82.73,992.76,PO0157,12,82.73,992.76,GRN0157,12,MATCH,0
INV0157,08-11-2024,V004,Vendor_4,USD,2,ITM0019,Device assembly part gadget module part,4,425.05,1700.2,PO0157,4,425.05,1700.2,GRN0157,4,MATCH,0
INV0157,08-11-2024,V004,Vendor_4,USD,3,ITM0029,Device widget part assembly component gadget,9,189.36,1704.24,PO0157,9,189.36,1704.24,GRN0157,9,MATCH,0
INV0157,08-11-2024,V004,Vendor_4,INR,4,ITM0049,Module unit gadget device module component,14,209.64,2934.96,PO0157,14,209.64,2934.96,GRN0157,14,currency_mismatch,1
INV0157,08-11-2024,V004,Vendor_4,USD,5,ITM0027,Accessory assembly device accessory module device,17,472.1,8025.7,PO0157,17,472.1,8025.7,GRN0157,0,grn_not_received,1
INV0158,13-02-2024,V011,Vendor_11,GBP,1,ITM0026,Module module widget accessory,5,451.74,2258.7,PO0158,5,451.74,2258.7,GRN0158,5,MATCH,0
INV0158_DUP,13-02-2024,V011,Vendor_11,GBP,2,ITM0004,Accessory module part device part device component,12,8.91,106.92,PO0158,12,8.91,106.92,GRN0158,12,duplicate_invoice,1
INV0158,13-02-2024,V011,Vendor_11,GBP,3,ITM0018,Unit gadget module unit part unit unit,15,350.25,5253.75,PO0158,15,350.25,5253.75,GRN0158,15,MATCH,0
INV0158,13-02-2024,V011,Vendor_11,GBP,4,ITM0042,Device part widget assembly module device,7,262.63,1313.15,PO0158,5,262.63,1313.15,GRN0158,5,quantity_mismatch,1
INV0158,13-02-2024,V011,Vendor_11,GBP,5,ITM0035,Gadget assembly component module unit,1,18.81,18.81,PO0158,1,18.81,18.81,GRN0158,1,MATCH,0
INV0159,03-10-2024,V019,Vendor_19,GBP,1,ITM0016,Device accessory widget widget module,17,180.46,3067.82,PO0159,17,180.46,3067.82,GRN0159,17,MATCH,0
INV0159,03-10-2024,V019,Vendor_19,GBP,2,ITM0004,Assembly unit widget,11,491.56,5407.16,PO0159,11,491.56,5407.16,GRN0159,11,MATCH,0
INV0159,03-10-2024,V019,Vendor_19,GBP,3,ITM0048,Unit accessory unit assembly unit module component,19,337.85,6419.15,PO0159,19,337.85,6419.15,GRN0159,19,MATCH,0
INV0159,03-10-2024,V019,Vendor_19,GBP,4,ITM0046,Assembly component component unit part module,4,77.54,310.16,PO0159,4,77.54,310.16,GRN0159,4,MATCH,0
INV0159,03-10-2024,V019,Vendor_19,GBP,5,ITM0028,Widget widget part assembly assembly module,17,204.36,3474.12,PO0159,17,204.36,3474.12,GRN0159,17,MATCH,0
INV0160,13-10-2024,V017,Vendor_17,INR,1,ITM0017,Assembly module module accessory assembly accessory part,5,255.36,1276.8,PO0160,5,255.36,1276.8,GRN0160,5,MATCH,0
INV0160,13-10-2024,V017,Vendor_17,INR,2,ITM0032,Gadget device part gadget gadget assembly,6,472.31,2833.86,PO0160,6,472.31,2833.86,GRN0160,0,grn_not_received,1
INV0160_DUP,13-10-2024,V017,Vendor_17,INR,3,ITM0024,Unit module gadget,19,148.35,2818.65,PO0160,19,148.35,2818.65,GRN0160,19,duplicate_invoice,1
INV0160_DUP,13-10-2024,V017,Vendor_17,INR,4,ITM0034,Gadget component module component,1,396.65,396.65,PO0160,1,396.65,396.65,GRN0160,1,duplicate_invoice,1
INV0160,13-10-2024,V017,Vendor_17,INR,5,ITM0010,Module accessory component component gadget device widget,19,177.58,3196.44,PO0160,18,177.58,3196.44,GRN0160,18,quantity_mismatch,1
INV0161,23-01-2024,V014,Vendor_14,INR,1,ITM0037,Unit accessory part assembly device,20,70.74,1414.8,PO0161,20,70.74,1414.8,GRN0161,20,MATCH,0
INV0161,23-01-2024,V014,Vendor_14,INR,2,ITM0009,Unit device device gadget device widget unit,20,207.77,4155.4,PO0161,20,207.77,4155.4,GRN0161,20,MATCH,0
INV0161,23-01-2024,V014,Vendor_14,INR,3,ITM0015,Module widget device module component widget,6,355.07,2130.42,PO0161,6,355.07,2130.42,GRN0161,6,MATCH,0
INV0161,23-01-2024,V014,Vendor_14,INR,4,ITM0037,Unit gadget unit gadget unit,19,380.02,7220.38,PO0161,19,380.02,7220.38,GRN0161,19,MATCH,0
INV0161,23-01-2024,V014,Vendor_14,INR,5,ITM0037,Gadget assembly accessory gadget accessory gadget widget,7,126.42,884.94,PO0161,7,126.42,884.94,GRN0161,7,MATCH,0
INV0162,27-12-2024,V019,Vendor_19,INR,1,ITM0006,Unit module widget part widget module module,17,162.1,2755.7,PO0162,17,162.1,2755.7,GRN0162,17,MATCH,0
INV0162,27-12-2024,V019,Vendor_19,INR,2,ITM0017,Gadget widget gadget,5,95.42,477.1,PO0162,5,95.42,477.1,GRN0162,5,MATCH,0
INV0162,27-12-2024,V019,Vendor_19,INR,3,ITM0050,Gadget accessory device,2,309.17,618.34,PO0162,2,309.17,618.34,GRN0162,2,MATCH,0
INV0162,27-12-2024,V019,Vendor_19,INR,4,ITM0021,Widget widget module component,14,447.04,6258.56,PO0162,14,447.04,6258.56,GRN0162,14,MATCH,0
INV0162,27-12-2024,V019,Vendor_19,INR,5,ITM0017,Accessory accessory widget component unit component,17,377.43,6416.31,PO0162,17,377.43,6416.31,GRN0162,17,MATCH,0
INV0163,16-07-2024,V004,Vendor_4,GBP,1,ITM0004,Assembly module assembly module component,3,138.23,138.23,PO0163,1,138.23,138.23,GRN0163,1,quantity_mismatch,1
INV0163,16-07-2024,V004,Vendor_4,GBP,2,ITM0038,Component assembly part,10,286.28,2862.8,PO0163,10,286.28,2862.8,GRN0163,10,MATCH,0
INV0163,16-07-2024,V004,Vendor_4,GBP,3,ITM0029,Part assembly part,5,189.79,948.95,PO0163,5,189.79,948.95,GRN0163,5,MATCH,0
INV0163,16-07-2024,V004,Vendor_4,GBP,4,ITM0011,Assembly module accessory assembly,1,407.26,407.26,PO0163,1,407.26,407.26,GRN0163,1,MATCH,0
INV0163,16-07-2024,V004,Vendor_4,GBP,5,ITM0040,Unit gadget widget accessory component,9,420.55,3784.95,PO0163,9,420.55,3784.95,GRN0163,9,MATCH,0
INV0164,13-07-2024,V012,Vendor_12,EUR,1,ITM0038,Component gadget assembly widget widget device part,18,499.42,8989.56,PO0164,18,499.42,8989.56,GRN0164,18,MATCH,0
INV0164,13-07-2024,V012,Vendor_12,EUR,2,ITM0028,Unit accessory component device,11,319.41,3513.51,PO0164,11,319.41,3513.51,GRN0164,11,item_not_in_po,1
INV0164,13-07-2024,V012,Vendor_12,EUR,3,ITM0049,Component unit component gadget accessory component,5,324.99,1624.95,PO0164,5,324.99,1624.95,GRN0164,5,MATCH,0
INV0164,13-07-2024,V012,Vendor_12,EUR,4,ITM0001,Assembly accessory device module accessory device device,18,45.17,813.06,PO0164,18,45.17,813.06,GRN0164,0,grn_not_received,1
INV0164,13-07-2024,V012,Vendor_12,EUR,5,ITM0042,Assembly accessory part,15,337.76,5066.4,PO0164,15,337.76,5066.4,GRN0164,15,MATCH,0
INV0165,29-06-2024,V013,Vendor_13,GBP,1,ITM0025,Part part accessory gadget,12,468.44,5621.28,PO0165,12,468.44,5621.28,GRN0165,12,MATCH,0
INV0165,29-06-2024,V013,Vendor_13,GBP,2,ITM0029,Gadget widget component,12,99.8,1197.6,PO0165,12,99.8,1197.6,GRN0165,0,grn_not_received,1
INV0165,29-06-2024,V013,Vendor_13,GBP,3,ITM0040,Part gadget accessory accessory widget,16,452.73,7243.68,PO0165,16,452.73,7243.68,GRN0165,16,MATCH,0
INV0165,29-06-2024,V013,Vendor_13,GBP,4,ITM0046,Gadget gadget part module part unit assembly,18,100.92,1816.56,PO0165,18,100.92,1816.56,GRN0165,18,MATCH,0
INV0165,29-06-2024,V013,Vendor_13,GBP,5,ITM0048,Device unit gadget unit device gadget accessory,8,441.1,3528.8,PO0165,8,441.1,3528.8,GRN0165,8,item_not_in_po,1
INV0166,20-05-2024,V007,Vendor_7,USD,1,ITM0045,Unit device part widget module device unit,11,219.11,2410.21,PO0166,11,219.11,2410.21,GRN0166,11,MATCH,0
INV0166,20-05-2024,V007,Vendor_7,EUR,2,ITM0027,Gadget assembly assembly assembly widget,8,28.25,226.0,PO0166,8,28.25,226.0,GRN0166,8,currency_mismatch,1
INV0166,20-05-2024,V007,Vendor_7,USD,3,ITM0027,Assembly widget gadget widget unit widget device,14,479.1,6707.4,PO0166,14,479.1,6707.4,GRN0166,14,MATCH,0
INV0166,20-05-2024,V007,Vendor_7,USD,4,ITM0016,Gadget component unit widget,16,218.81,3500.96,PO0166,16,218.81,3500.96,GRN0166,16,MATCH,0
INV0166,20-05-2024,V007,Vendor_7,USD,5,ITM0002,Part accessory part component assembly accessory part,11,262.24,2884.64,PO0166,11,262.24,2884.64,GRN0166,11,MATCH,0
INV0167,01-05-2024,V003,Vendor_3,INR,1,ITM0049,Unit unit widget,2,458.77,917.54,PO0167,2,458.77,917.54,GRN0167,2,MATCH,0
INV0167,01-05-2024,V003,Vendor_3,INR,2,ITM0025,Accessory device part widget part,2,154.23,308.46,PO0167,2,154.23,308.46,GRN0167,0,grn_not_received,1
INV0167,01-05-2024,V003,Vendor_3,INR,3,ITM0041,Widget device unit component module widget,14,120.39,1685.46,PO0167,14,120.39,1685.46,GRN0167,0,grn_not_received,1
INV0167,01-05-2024,V003,Vendor_3,INR,4,ITM0039,Widget module part part unit module accessory,1,229.77,229.77,PO0167,1,229.77,229.77,GRN0167,1,MATCH,0
INV0167,01-05-2024,V003,Vendor_3,INR,5,ITM0022,Gadget widget unit widget part gadget unit,20,131.86,2241.62,PO0167,17,131.86,2241.62,GRN0167,17,quantity_mismatch,1
INV0168,03-08-2024,V016,Vendor_16,INR,1,ITM0012,Gadget widget gadget unit,17,480.07,8161.19,PO0168,17,480.07,8161.19,GRN0168,17,MATCH,0
INV0168_DUP,03-08-2024,V016,Vendor_16,INR,2,ITM0049,Component part device gadget component,11,149.08,1639.88,PO0168,11,149.08,1639.88,GRN0168,11,duplicate_invoice,1
INV0168,03-08-2024,V016,Vendor_16,INR,3,ITM0001,Unit device widget assembly part part module,7,488.37,3418.59,PO0168,7,488.37,3418.59,GRN0168,7,MATCH,0
INV0168,03-08-2024,V016,Vendor_16,INR,4,ITM0041,Part module device device,15,301.88,4528.2,PO0168,15,301.88,4528.2,GRN0168,15,MATCH,0
INV0168,03-08-2024,V016,Vendor_16,INR,5,ITM0022,Unit module component component widget part accessory,16,113.61,1817.76,PO0168,16,113.61,1817.76,GRN0168,16,MATCH,0
INV0169,02-01-2024,V008,Vendor_8,EUR,1,ITM0030,Gadget assembly device part part module module,1,184.59,184.59,PO0169,1,184.59,184.59,GRN0169,1,MATCH,0
INV0169,02-01-2024,V008,Vendor_8,EUR,2,ITM0005,Widget gadget component gadget unit,12,26.73,320.76,PO0169,12,26.73,320.76,GRN0169,12,MATCH,0
INV0169,02-01-2024,V008,Vendor_8,EUR,3,ITM0002,Gadget gadget part device,11,424.53,4669.83,PO0169,11,424.53,4669.83,GRN0169,11,MATCH,0
INV0169,02-01-2024,V008,Vendor_8,EUR,4,ITM0016,Gadget gadget component widget,4,192.57,962.85,PO0169,5,192.57,962.85,GRN0169,5,quantity_mismatch,1
INV0169,02-01-2024,V008,Vendor_8,EUR,5,ITM0008,Accessory component component part unit,17,488.67,8307.39,PO0169,17,488.67,8307.39,GRN0169,0,grn_not_received,1
INV0170,15-11-2024,V014,Vendor_14,USD,1,ITM0008,Part gadget gadget assembly,12,162.39,1948.68,PO0170,12,162.39,1948.68,GRN0170,12,MATCH,0
INV0170,15-11-2024,V014,Vendor_14,USD,2,ITM0028,Accessory device unit part,10,395.85,3958.5,PO0170,10,395.85,3958.5,GRN0170,10,MATCH,0
INV0170,15-11-2024,V014,Vendor_14,USD,3,ITM0021,Widget part part part,19,443.49,8426.31,PO0170,19,443.49,8426.31,GRN0170,19,MATCH,0
INV0170_DUP,15-11-2024,V014,Vendor_14,USD,4,ITM0014,Part part unit,6,256.76,1540.56,PO0170,6,256.76,1540.56,GRN0170,6,duplicate_invoice,1
INV0170,15-11-2024,V014,Vendor_14,USD,5,ITM0049,Module assembly gadget device assembly assembly accessory,16,137.83,2205.28,PO0170,16,137.83,2205.28,GRN0170,0,grn_not_received,1
INV0171,24-07-2024,V019,Vendor_19,USD,1,ITM0014,Accessory assembly component gadget,14,444.91,6228.74,PO0171,14,444.91,6228.74,GRN0171,14,MATCH,0
INV0171,24-07-2024,V019,Vendor_19,USD,2,ITM0037,Accessory module assembly gadget,3,173.0,453.15,PO0171,3,151.05,453.15,GRN0171,3,price_mismatch,1
INV0171,24-07-2024,V019,Vendor_19,USD,3,ITM0034,Component widget assembly module assembly,14,207.43,2904.02,PO0171,14,207.43,2904.02,GRN0171,14,MATCH,0
INV0171,24-07-2024,V019,Vendor_19,USD,4,ITM0032,Component widget module component widget,3,150.79,452.37,PO0171,3,150.79,452.37,GRN0171,3,MATCH,0
INV0171,24-07-2024,V019,Vendor_19,USD,5,ITM0033,Assembly widget component component gadget module assembly,11,102.34,1125.74,PO0171,11,102.34,1125.74,GRN0171,11,MATCH,0
INV0172,17-06-2024,V009,Vendor_9,GBP,1,ITM0048,Gadget unit gadget part device,18,456.63,8219.34,PO0172,18,456.63,8219.34,GRN0172,18,MATCH,0
INV0172,17-06-2024,V009,Vendor_9,GBP,2,ITM0001,Component module accessory accessory part,1,238.64,238.64,PO0172,1,238.64,238.64,GRN0172,1,MATCH,0
INV0172,17-06-2024,V009,Vendor_9,GBP,3,ITM0033,Part component device gadget,8,260.33,2082.64,PO0172,8,260.33,2082.64,GRN0172,8,MATCH,0
INV0172_DUP,17-06-2024,V009,Vendor_9,GBP,4,ITM0036,Device assembly part component gadget device,14,108.74,1522.36,PO0172,14,108.74,1522.36,GRN0172,14,duplicate_invoice,1
INV0172,17-06-2024,V009,Vendor_9,GBP,5,ITM0029,Widget gadget part component device assembly unit,12,173.21,2078.52,PO0172,12,173.21,2078.52,GRN0172,12,MATCH,0
INV0173_DUP,02-08-2024,V014,Vendor_14,INR,1,ITM0049,Component unit unit widget gadget accessory accessory,19,316.77,6018.63,PO0173,19,316.77,6018.63,GRN0173,19,duplicate_invoice,1
INV0173,02-08-2024,V014,Vendor_14,INR,2,ITM0039,Unit module module accessory widget module assembly,9,286.91,3156.01,PO0173,11,286.91,3156.01,GRN0173,11,quantity_mismatch,1
INV0173,02-08-2024,V014,Vendor_14,INR,3,ITM0029,Widget widget assembly widget device,16,18.29,292.64,PO0173,16,18.29,292.64,GRN0173,16,MATCH,0
INV0173,02-08-2024,V014,Vendor_14,INR,4,ITM0013,Accessory module gadget,10,331.49,3314.9,PO0173,10,331.49,3314.9,GRN0173,10,MATCH,0
INV0173,02-08-2024,V014,Vendor_14,EUR,5,ITM0005,Widget assembly gadget part module gadget,4,68.92,275.68,PO0173,4,68.92,275.68,GRN0173,4,currency_mismatch,1
INV0174,02-08-2024,V016,Vendor_16,USD,1,ITM0025,Gadget gadget module device,16,83.6,1337.6,PO0174,16,83.6,1337.6,GRN0174,16,MATCH,0
INV0174,02-08-2024,V016,Vendor_16,USD,2,ITM0037,Unit assembly device component widget,5,225.64,1128.2,PO0174,5,225.64,1128.2,GRN0174,0,grn_not_received,1
INV0174_DUP,02-08-2024,V016,Vendor_16,USD,3,ITM0026,Part assembly accessory part assembly unit device,10,324.92,3249.2,PO0174,10,324.92,3249.2,GRN0174,10,duplicate_invoice,1
INV0174,02-08-2024,V016,Vendor_16,USD,4,ITM0030,Device device component unit part,6,210.45,1262.7,PO0174,6,210.45,1262.7,GRN0174,6,MATCH,0
INV0174,02-08-2024,V016,Vendor_16,USD,5,ITM0012,Device assembly accessory gadget unit module accessory,8,443.34,3546.72,PO0174,8,443.34,3546.72,GRN0174,8,MATCH,0
INV0175,21-03-2024,V009,Vendor_9,GBP,1,ITM0043,Device device gadget,16,208.58,3337.28,PO0175,16,208.58,3337.28,GRN0175,16,item_not_in_po,1
INV0175,21-03-2024,V009,Vendor_9,GBP,2,ITM0049,Gadget module device assembly part module gadget,7,255.5,1788.5,PO0175,7,255.5,1788.5,GRN0175,7,MATCH,0
INV0175,21-03-2024,V009,Vendor_9,GBP,3,ITM0030,Widget device device,13,175.11,2276.43,PO0175,13,175.11,2276.43,GRN0175,13,MATCH,0
INV0175,21-03-2024,V009,Vendor_9,GBP,4,ITM0026,Module widget gadget accessory,11,336.8,3704.8,PO0175,11,336.8,3704.8,GRN0175,0,grn_not_received,1
INV0175,21-03-2024,V009,Vendor_9,GBP,5,ITM0030,Assembly widget unit device module assembly,9,421.57,3794.13,PO0175,9,421.57,3794.13,GRN0175,9,MATCH,0
INV0176,28-03-2024,V001,Vendor_1,INR,1,ITM0012,Gadget device gadget device widget,9,80.98,728.82,PO0176,9,80.98,728.82,GRN0176,9,currency_mismatch,1
INV0176,28-03-2024,V001,Vendor_1,USD,2,ITM0023,Gadget widget device gadget,2,419.07,838.14,PO0176,2,419.07,838.14,GRN0176,2,MATCH,0
INV0176,28-03-2024,V001,Vendor_1,USD,3,ITM0034,Module component widget,1,29.09,29.09,PO0176,1,29.09,29.09,GRN0176,1,MATCH,0
INV0176,28-03-2024,V001,Vendor_1,USD,4,ITM0025,Accessory module component widget,14,18.83,263.62,PO0176,14,18.83,263.62,GRN0176,14,MATCH,0
INV0176,28-03-2024,V001,Vendor_1,USD,5,ITM0001,Part device widget accessory widget,6,363.39,2180.34,PO0176,6,363.39,2180.34,GRN0176,6,MATCH,0
INV0177,23-01-2024,V014,Vendor_14,USD,1,ITM0021,Unit gadget gadget assembly accessory,3,120.04,480.16,PO0177,4,120.04,480.16,GRN0177,4,quantity_mismatch,1
INV0177,23-01-2024,V014,Vendor_14,USD,2,ITM0007,Component widget unit widget gadget,8,37.68,301.44,PO0177,8,37.68,301.44,GRN0177,8,MATCH,0
INV0177,23-01-2024,V014,Vendor_14,USD,3,ITM0018,Module widget gadget component unit accessory widget,18,396.67,7140.06,PO0177,18,396.67,7140.06,GRN0177,18,MATCH,0
INV0177_DUP,23-01-2024,V014,Vendor_14,USD,4,ITM0037,Component widget component unit,13,340.56,4427.28,PO0177,13,340.56,4427.28,GRN0177,13,duplicate_invoice,1
INV0177,23-01-2024,V014,Vendor_14,USD,5,ITM0050,Component unit part component,16,38.42,614.72,PO0177,16,38.42,614.72,GRN0177,16,MATCH,0
INV0178,10-01-2024,V020,Vendor_20,INR,1,ITM0025,Unit component unit accessory component unit accessory,10,122.02,1220.2,PO0178,10,122.02,1220.2,GRN0178,10,MATCH,0
INV0178,10-01-2024,V020,Vendor_20,INR,2,ITM0028,Unit widget module component,5,191.0,955.0,PO0178,5,191.0,955.0,GRN0178,5,MATCH,0
INV0178,10-01-2024,V020,Vendor_20,INR,3,ITM0042,Component device accessory,15,370.93,5563.95,PO0178,15,370.93,5563.95,GRN0178,15,MATCH,0
INV0178,10-01-2024,V020,Vendor_20,INR,4,ITM0022,Component unit device assembly,14,325.78,4560.92,PO0178,14,325.78,4560.92,GRN0178,14,MATCH,0
INV0178,10-01-2024,V020,Vendor_20,INR,5,ITM0019,Component device module,7,311.62,1903.72,PO0178,7,271.96,1903.72,GRN0178,7,price_mismatch,1
INV0179,06-12-2024,V008,Vendor_8,EUR,1,ITM0039,Assembly gadget unit widget assembly accessory,2,319.01,638.02,PO0179,2,319.01,638.02,GRN0179,2,MATCH,0
INV0179,06-12-2024,V008,Vendor_8,EUR,2,ITM0010,Gadget gadget assembly part,7,121.97,853.79,PO0179,7,121.97,853.79,GRN0179,7,MATCH,0
INV0179_DUP,06-12-2024,V008,Vendor_8,EUR,3,ITM0006,Device component device component gadget component,10,290.33,2903.3,PO0179,10,290.33,2903.3,GRN0179,10,duplicate_invoice,1
INV0179,06-12-2024,V008,Vendor_8,INR,4,ITM0041,Component part widget accessory,13,191.97,2495.61,PO0179,13,191.97,2495.61,GRN0179,13,currency_mismatch,1
INV0179,06-12-2024,V008,Vendor_8,EUR,5,ITM0031,Module unit module gadget accessory assembly,13,216.56,2815.28,PO0179,13,216.56,2815.28,GRN0179,13,MATCH,0
INV0180,12-02-2024,V010,Vendor_10,EUR,1,ITM0036,Component assembly assembly module,20,243.02,4860.4,PO0180,20,243.02,4860.4,GRN0180,20,MATCH,0
INV0180,12-02-2024,V010,Vendor_10,EUR,2,ITM0022,Device gadget accessory widget,17,366.53,6231.01,PO0180,17,366.53,6231.01,GRN0180,17,MATCH,0
INV0180,12-02-2024,V010,Vendor_10,EUR,3,ITM0024,Module module module device module component,22,40.26,764.94,PO0180,19,40.26,764.94,GRN0180,19,quantity_mismatch,1
INV0180,12-02-2024,V010,Vendor_10,EUR,4,ITM0003,Module unit gadget,14,478.76,6702.64,PO0180,14,478.76,6702.64,GRN0180,14,MATCH,0
INV0180,12-02-2024,V010,Vendor_10,EUR,5,ITM0050,Assembly assembly device device unit,14,369.15,5168.1,PO0180,14,369.15,5168.1,GRN0180,14,MATCH,0
INV0181,04-05-2024,V016,Vendor_16,USD,1,ITM0024,Device unit component,15,472.41,7086.15,PO0181,15,472.41,7086.15,GRN0181,15,item_not_in_po,1
INV0181,04-05-2024,V016,Vendor_16,USD,2,ITM0010,Component unit unit gadget gadget,3,323.98,971.94,PO0181,3,323.98,971.94,GRN0181,3,MATCH,0
INV0181,04-05-2024,V016,Vendor_16,USD,3,ITM0025,Device accessory widget accessory part gadget,14,130.17,1822.38,PO0181,14,130.17,1822.38,GRN0181,14,MATCH,0
INV0181,04-05-2024,V016,Vendor_16,USD,4,ITM0020,Accessory unit module component module part device,3,59.09,177.27,PO0181,3,59.09,177.27,GRN0181,3,MATCH,0
INV0181,04-05-2024,V016,Vendor_16,USD,5,ITM0037,Part component gadget device device,1,493.58,493.58,PO0181,1,493.58,493.58,GRN0181,0,grn_not_received,1
INV0182_DUP,08-09-2024,V001,Vendor_1,USD,1,ITM0005,Assembly unit device gadget module device,7,245.8,1720.6,PO0182,7,245.8,1720.6,GRN0182,7,duplicate_invoice,1
INV0182,08-09-2024,V001,Vendor_1,USD,2,ITM0033,Assembly part gadget,2,376.21,752.42,PO0182,2,376.21,752.42,GRN0182,2,item_not_in_po,1
INV0182,08-09-2024,V001,Vendor_1,USD,3,ITM0049,Component accessory module unit,20,59.05,1181.0,PO0182,20,59.05,1181.0,GRN0182,0,grn_not_received,1
INV0182,08-09-2024,V001,Vendor_1,USD,4,ITM0041,Widget widget gadget widget,1,294.89,294.89,PO0182,1,294.89,294.89,GRN0182,1,MATCH,0
INV0182,08-09-2024,V001,Vendor_1,USD,5,ITM0031,Device widget widget device widget unit,2,52.94,105.88,PO0182,2,52.94,105.88,GRN0182,2,MATCH,0
INV0183,24-09-2024,V001,Vendor_1,INR,1,ITM0039,Accessory device accessory assembly module module module,11,499.73,5497.03,PO0183,11,499.73,5497.03,GRN0183,11,MATCH,0
INV0183,24-09-2024,V001,Vendor_1,INR,2,ITM0016,Unit module widget module component,4,6.53,26.12,PO0183,4,6.53,26.12,GRN0183,4,MATCH,0
INV0183,24-09-2024,V001,Vendor_1,INR,3,ITM0045,Device part gadget unit part component,8,187.37,1498.96,PO0183,8,187.37,1498.96,GRN0183,8,MATCH,0
INV0183,24-09-2024,V001,Vendor_1,INR,4,ITM0040,Assembly unit widget unit accessory component,12,522.67,5248.2,PO0183,12,437.35,5248.2,GRN0183,12,price_mismatch,1
INV0183,24-09-2024,V001,Vendor_1,INR,5,ITM0048,Device component assembly device part,12,216.82,2601.84,PO0183,12,216.82,2601.84,GRN0183,12,MATCH,0
INV0184,31-08-2024,V004,Vendor_4,INR,1,ITM0019,Gadget gadget assembly unit part assembly gadget,3,154.17,462.51,PO0184,3,154.17,462.51,GRN0184,3,MATCH,0
INV0184,31-08-2024,V004,Vendor_4,INR,2,ITM0044,Accessory assembly accessory accessory assembly assembly component,6,377.86,2267.16,PO0184,6,377.86,2267.16,GRN0184,6,MATCH,0
INV0184,31-08-2024,V004,Vendor_4,INR,3,ITM0043,Widget accessory widget,11,451.81,4969.91,PO0184,11,451.81,4969.91,GRN0184,11,MATCH,0
INV0184,31-08-2024,V004,Vendor_4,INR,4,ITM0050,Gadget component assembly accessory gadget,5,498.94,2308.75,PO0184,5,461.75,2308.75,GRN0184,5,price_mismatch,1
INV0184,31-08-2024,V004,Vendor_4,INR,5,ITM0041,Widget device part accessory device unit,11,191.62,2107.82,PO0184,11,191.62,2107.82,GRN0184,11,MATCH,0
INV0185,14-07-2024,V018,Vendor_18,INR,1,ITM0015,Component component gadget module,19,468.92,8909.48,PO0185,19,468.92,8909.48,GRN0185,19,MATCH,0
INV0185,14-07-2024,V018,Vendor_18,INR,2,ITM0048,Unit gadget component,13,290.57,3777.41,PO0185,13,290.57,3777.41,GRN0185,0,grn_not_received,1
INV0185,14-07-2024,V018,Vendor_18,INR,3,ITM0001,Widget assembly part accessory component,12,399.77,4797.24,PO0185,12,399.77,4797.24,GRN0185,12,MATCH,0
INV0185,14-07-2024,V018,Vendor_18,INR,4,ITM0009,Unit unit widget widget part component part,10,419.42,4194.2,PO0185,10,419.42,4194.2,GRN0185,10,MATCH,0
INV0185,14-07-2024,V018,Vendor_18,INR,5,ITM0032,Gadget component device part part widget,11,157.9,1736.9,PO0185,11,157.9,1736.9,GRN0185,11,MATCH,0
INV0186,18-12-2024,V004,Vendor_4,GBP,1,ITM0046,Assembly part assembly device module accessory component,7,424.79,2973.53,PO0186,7,424.79,2973.53,GRN0186,7,MATCH,0
INV0186,18-12-2024,V004,Vendor_4,GBP,2,ITM0015,Accessory device part,13,153.06,1989.78,PO0186,13,153.06,1989.78,GRN0186,13,MATCH,0
INV0186,18-12-2024,V004,Vendor_4,GBP,3,ITM0043,Accessory assembly module device,12,380.07,4560.84,PO0186,12,380.07,4560.84,GRN0186,12,MATCH,0
INV0186,18-12-2024,V004,Vendor_4,GBP,4,ITM0026,Assembly component device,7,352.05,2464.35,PO0186,7,352.05,2464.35,GRN0186,7,MATCH,0
INV0186,18-12-2024,V004,Vendor_4,GBP,5,ITM0036,Widget component part part widget accessory,10,231.48,2314.8,PO0186,10,231.48,2314.8,GRN0186,10,MATCH,0
INV0187,24-03-2024,V019,Vendor_19,EUR,1,ITM0029,Component gadget gadget device device widget,19,55.46,1053.74,PO0187,19,55.46,1053.74,GRN0187,19,MATCH,0
INV0187,24-03-2024,V019,Vendor_19,GBP,2,ITM0010,Accessory module part accessory widget accessory,6,472.81,2836.86,PO0187,6,472.81,2836.86,GRN0187,6,currency_mismatch,1
INV0187_DUP,24-03-2024,V019,Vendor_19,EUR,3,ITM0008,Unit unit accessory unit module widget component,16,154.83,2477.28,PO0187,16,154.83,2477.28,GRN0187,16,duplicate_invoice,1
INV0187,24-03-2024,V019,Vendor_19,EUR,4,ITM0039,Unit module device part,3,389.98,1169.94,PO0187,3,389.98,1169.94,GRN0187,3,MATCH,0
INV0187_DUP,24-03-2024,V019,Vendor_19,EUR,5,ITM0042,Component unit module gadget widget assembly,17,116.34,1977.78,PO0187,17,116.34,1977.78,GRN0187,17,duplicate_invoice,1
INV0188,27-10-2024,V019,Vendor_19,INR,1,ITM0018,Part gadget assembly,14,152.69,2137.66,PO0188,14,152.69,2137.66,GRN0188,14,MATCH,0
INV0188_DUP,27-10-2024,V019,Vendor_19,INR,2,ITM0009,Component device part,18,96.52,1737.36,PO0188,18,96.52,1737.36,GRN0188,18,duplicate_invoice,1
INV0188,27-10-2024,V019,Vendor_19,INR,3,ITM0045,Module part part,17,246.84,4196.28,PO0188,17,246.84,4196.28,GRN0188,17,MATCH,0
INV0188,27-10-2024,V019,Vendor_19,INR,4,ITM0034,Assembly part unit device gadget unit gadget,20,349.13,6982.6,PO0188,20,349.13,6982.6,GRN0188,0,grn_not_received,1
INV0188,27-10-2024,V019,Vendor_19,INR,5,ITM0001,Assembly component widget unit unit widget component,2,46.88,93.76,PO0188,2,46.88,93.76,GRN0188,2,MATCH,0
INV0189,04-03-2024,V017,Vendor_17,GBP,1,ITM0024,Gadget accessory unit component widget accessory accessory,10,331.28,3312.8,PO0189,10,331.28,3312.8,GRN0189,10,MATCH,0
INV0189,04-03-2024,V017,Vendor_17,GBP,2,ITM0029,Unit device assembly accessory,12,305.06,3660.72,PO0189,12,305.06,3660.72,GRN0189,12,MATCH,0
INV0189,04-03-2024,V017,Vendor_17,GBP,3,ITM0033,Device unit widget widget,5,171.6,766.8,PO0189,5,153.36,766.8,GRN0189,5,price_mismatch,1
INV0189,04-03-2024,V017,Vendor_17,GBP,4,ITM0014,Unit gadget module gadget,20,213.9,4278.0,PO0189,20,213.9,4278.0,GRN0189,20,MATCH,0
INV0189,04-03-2024,V017,Vendor_17,GBP,5,ITM0036,Component unit gadget assembly accessory,14,470.4,6585.6,PO0189,14,470.4,6585.6,GRN0189,14,MATCH,0
INV0190,14-03-2024,V018,Vendor_18,EUR,1,ITM0005,Accessory device gadget module unit,17,304.45,5175.65,PO0190,17,304.45,5175.65,GRN0190,17,MATCH,0
INV0190,14-03-2024,V018,Vendor_18,EUR,2,ITM0027,Component part module accessory,8,43.37,346.96,PO0190,8,43.37,346.96,GRN0190,8,MATCH,0
INV0190,14-03-2024,V018,Vendor_18,EUR,3,ITM0008,Widget assembly widget unit module module component,9,140.46,1123.68,PO0190,8,140.46,1123.68,GRN0190,8,quantity_mismatch,1
INV0190,14-03-2024,V018,Vendor_18,EUR,4,ITM0007,Accessory component accessory part gadget assembly,10,296.47,2964.7,PO0190,10,296.47,2964.7,GRN0190,10,MATCH,0
INV0190,14-03-2024,V018,Vendor_18,EUR,5,ITM0032,Assembly device part,18,139.17,2505.06,PO0190,18,139.17,2505.06,GRN0190,18,MATCH,0
INV0191,20-02-2024,V002,Vendor_2,EUR,1,ITM0021,Gadget part device part assembly part,13,241.05,3133.65,PO0191,13,241.05,3133.65,GRN0191,13,MATCH,0
INV0191,20-02-2024,V002,Vendor_2,EUR,2,ITM0009,Widget assembly gadget gadget module,10,31.17,280.53,PO0191,9,31.17,280.53,GRN0191,9,quantity_mismatch,1
INV0191,20-02-2024,V002,Vendor_2,EUR,3,ITM0047,Device component unit device gadget,12,400.24,4802.88,PO0191,12,400.24,4802.88,GRN0191,12,item_not_in_po,1
INV0191,20-02-2024,V002,Vendor_2,EUR,4,ITM0033,Component module accessory part part,10,319.64,3196.4,PO0191,10,319.64,3196.4,GRN0191,10,MATCH,0
INV0191,20-02-2024,V002,Vendor_2,EUR,5,ITM0006,Module component widget widget device,3,99.49,260.19,PO0191,3,86.73,260.19,GRN0191,3,price_mismatch,1
INV0192,30-01-2024,V003,Vendor_3,GBP,1,ITM0036,Part widget accessory device accessory gadget,16,259.93,4158.88,PO0192,16,259.93,4158.88,GRN0192,16,MATCH,0
INV0192,30-01-2024,V003,Vendor_3,GBP,2,ITM0044,Device module unit accessory device device device,12,125.89,1510.68,PO0192,12,125.89,1510.68,GRN0192,12,MATCH,0
INV0192,30-01-2024,V003,Vendor_3,GBP,3,ITM0048,Device widget assembly gadget accessory device accessory,6,42.19,253.14,PO0192,6,42.19,253.14,GRN0192,6,MATCH,0
INV0192,30-01-2024,V003,Vendor_3,GBP,4,ITM0009,Module widget assembly gadget accessory module device,18,426.13,7670.34,PO0192,18,426.13,7670.34,GRN0192,18,MATCH,0
INV0192,30-01-2024,V003,Vendor_3,GBP,5,ITM0008,Component component gadget device unit,7,461.91,3233.37,PO0192,7,461.91,3233.37,GRN0192,7,MATCH,0
INV0193,25-11-2024,V017,Vendor_17,USD,1,ITM0030,Part widget widget assembly component widget module,6,204.02,1224.12,PO0193,6,204.02,1224.12,GRN0193,6,MATCH,0
INV0193,25-11-2024,V017,Vendor_17,USD,2,ITM0001,Module gadget assembly,5,208.31,1041.55,PO0193,5,208.31,1041.55,GRN0193,5,MATCH,0
INV0193,25-11-2024,V017,Vendor_17,USD,3,ITM0032,Gadget unit component,13,190.28,2473.64,PO0193,13,190.28,2473.64,GRN0193,13,MATCH,0
INV0193,25-11-2024,V017,Vendor_17,USD,4,ITM0024,Accessory assembly component accessory unit module,4,180.1,900.5,PO0193,5,180.1,900.5,GRN0193,5,quantity_mismatch,1
INV0193,25-11-2024,V017,Vendor_17,USD,5,ITM0028,Module part gadget,7,146.03,1022.21,PO0193,7,146.03,1022.21,GRN0193,7,MATCH,0
INV0194,09-03-2024,V013,Vendor_13,INR,1,ITM0048,Accessory gadget gadget assembly unit,9,63.8,574.2,PO0194,9,63.8,574.2,GRN0194,9,MATCH,0
INV0194,09-03-2024,V013,Vendor_13,INR,2,ITM0032,Assembly device gadget device part module device,13,70.05,910.65,PO0194,13,70.05,910.65,GRN0194,13,MATCH,0
INV0194,09-03-2024,V013,Vendor_13,INR,3,ITM0007,Gadget module widget,8,30.76,246.08,PO0194,8,30.76,246.08,GRN0194,8,MATCH,0
INV0194,09-03-2024,V013,Vendor_13,INR,4,ITM0022,Accessory device module component assembly device,8,310.72,2485.76,PO0194,8,310.72,2485.76,GRN0194,8,MATCH,0
INV0194,09-03-2024,V013,Vendor_13,INR,5,ITM0047,Gadget component gadget component device unit module,16,354.7,5675.2,PO0194,16,354.7,5675.2,GRN0194,16,item_not_in_po,1
INV0195,22-02-2024,V017,Vendor_17,EUR,1,ITM0013,Unit gadget gadget module component gadget gadget,1,310.15,310.15,PO0195,1,310.15,310.15,GRN0195,1,MATCH,0
INV0195,22-02-2024,V017,Vendor_17,EUR,2,ITM0006,Module assembly device,8,114.78,918.24,PO0195,8,114.78,918.24,GRN0195,8,MATCH,0
INV0195,22-02-2024,V017,Vendor_17,EUR,3,ITM0028,Widget module widget widget module accessory,14,127.25,1781.5,PO0195,14,127.25,1781.5,GRN0195,14,item_not_in_po,1
INV0195,22-02-2024,V017,Vendor_17,EUR,4,ITM0004,Widget widget device gadget,17,143.68,2298.88,PO0195,16,143.68,2298.88,GRN0195,16,quantity_mismatch,1
INV0195,22-02-2024,V017,Vendor_17,EUR,5,ITM0039,Module component assembly,11,155.66,1712.26,PO0195,11,155.66,1712.26,GRN0195,11,MATCH,0
INV0196,19-02-2024,V001,Vendor_1,EUR,1,ITM0022,Device module part assembly module,9,108.97,980.73,PO0196,9,108.97,980.73,GRN0196,9,MATCH,0
INV0196,19-02-2024,V001,Vendor_1,USD,2,ITM0025,Part gadget device,4,25.31,101.24,PO0196,4,25.31,101.24,GRN0196,4,currency_mismatch,1
INV0196,19-02-2024,V001,Vendor_1,EUR,3,ITM0042,Gadget assembly widget accessory,20,174.73,3494.6,PO0196,20,174.73,3494.6,GRN0196,20,MATCH,0
INV0196,19-02-2024,V001,Vendor_1,EUR,4,ITM0047,Accessory gadget device widget gadget assembly,9,446.34,4017.06,PO0196,9,446.34,4017.06,GRN0196,9,MATCH,0
INV0196,19-02-2024,V001,Vendor_1,EUR,5,ITM0049,Accessory accessory assembly device accessory widget module,17,396.49,6740.33,PO0196,17,396.49,6740.33,GRN0196,17,MATCH,0
INV0197,26-03-2024,V020,Vendor_20,GBP,1,ITM0045,Component accessory widget accessory,7,371.65,2601.55,PO0197,7,371.65,2601.55,GRN0197,7,MATCH,0
INV0197,26-03-2024,V020,Vendor_20,GBP,2,ITM0026,Device part accessory gadget device module,13,203.42,2644.46,PO0197,13,203.42,2644.46,GRN0197,13,MATCH,0
INV0197,26-03-2024,V020,Vendor_20,GBP,3,ITM0018,Gadget gadget gadget device,17,230.44,3917.48,PO0197,17,230.44,3917.48,GRN0197,17,MATCH,0
INV0197,26-03-2024,V020,Vendor_20,GBP,4,ITM0046,Component part component component gadget component assembly,10,24.35,243.5,PO0197,10,24.35,243.5,GRN0197,10,MATCH,0
INV0197,26-03-2024,V020,Vendor_20,GBP,5,ITM0010,Accessory component part unit component,7,269.62,1887.34,PO0197,7,269.62,1887.34,GRN0197,7,MATCH,0
INV0198,01-01-2024,V012,Vendor_12,GBP,1,ITM0021,Accessory part component,5,207.13,1035.65,PO0198,5,207.13,1035.65,GRN0198,0,grn_not_received,1
INV0198,01-01-2024,V012,Vendor_12,GBP,2,ITM0040,Component widget part part gadget,9,92.48,832.32,PO0198,9,92.48,832.32,GRN0198,9,MATCH,0
INV0198,01-01-2024,V012,Vendor_12,GBP,3,ITM0002,Unit part accessory unit device device accessory,9,435.66,3920.94,PO0198,9,435.66,3920.94,GRN0198,9,MATCH,0
INV0198,01-01-2024,V012,Vendor_12,GBP,4,ITM0041,Assembly part gadget component unit part device,5,225.8,1129.0,PO0198,5,225.8,1129.0,GRN0198,5,MATCH,0
INV0198,01-01-2024,V012,Vendor_12,GBP,5,ITM0047,Module accessory widget gadget gadget part,7,286.98,2008.86,PO0198,7,286.98,2008.86,GRN0198,7,MATCH,0
INV0199,02-04-2024,V010,Vendor_10,USD,1,ITM0020,Part part device gadget,5,40.66,203.3,PO0199,5,40.66,203.3,GRN0199,5,MATCH,0
INV0199,02-04-2024,V010,Vendor_10,USD,2,ITM0016,Accessory accessory widget assembly device part,20,54.37,1087.4,PO0199,20,54.37,1087.4,GRN0199,20,MATCH,0
INV0199,02-04-2024,V010,Vendor_10,USD,3,ITM0025,Widget widget part,3,70.43,140.86,PO0199,2,70.43,140.86,GRN0199,2,quantity_mismatch,1
INV0199,02-04-2024,V010,Vendor_10,USD,4,ITM0050,Component accessory unit,1,479.02,479.02,PO0199,1,479.02,479.02,GRN0199,1,MATCH,0
INV0199,02-04-2024,V010,Vendor_10,EUR,5,ITM0007,Device module device gadget assembly unit module,6,157.16,942.96,PO0199,6,157.16,942.96,GRN0199,6,currency_mismatch,1
INV0200,02-09-2024,V005,Vendor_5,EUR,1,ITM0004,Device unit gadget part widget component assembly,14,75.21,1052.94,PO0200,14,75.21,1052.94,GRN0200,14,MATCH,0
INV0200,02-09-2024,V005,Vendor_5,EUR,2,ITM0015,Component module module,10,116.81,1168.1,PO0200,10,116.81,1168.1,GRN0200,0,grn_not_received,1
INV0200,02-09-2024,V005,Vendor_5,EUR,3,ITM0044,Device device accessory assembly accessory component,10,181.87,1818.7,PO0200,10,181.87,1818.7,GRN0200,10,MATCH,0
INV0200,02-09-2024,V005,Vendor_5,EUR,4,ITM0040,Gadget accessory accessory accessory unit,6,217.17,1303.02,PO0200,6,217.17,1303.02,GRN0200,6,MATCH,0
INV0200,02-09-2024,V005,Vendor_5,USD,5,ITM0022,Gadget module accessory device unit component part,9,458.54,4126.86,PO0200,9,458.54,4126.86,GRN0200,9,currency_mismatch,1
INV0201,04-12-2024,V012,Vendor_12,GBP,1,ITM0046,Part part accessory,5,173.54,817.65,PO0201,5,163.53,817.65,GRN0201,5,price_mismatch,1
INV0201,04-12-2024,V012,Vendor_12,GBP,2,ITM0025,Device part assembly widget unit accessory,9,76.61,689.49,PO0201,9,76.61,689.49,GRN0201,9,MATCH,0
INV0201,04-12-2024,V012,Vendor_12,GBP,3,ITM0021,Gadget module component module,14,302.86,4240.04,PO0201,14,302.86,4240.04,GRN0201,14,MATCH,0
INV0201,04-12-2024,V012,Vendor_12,GBP,4,ITM0041,Gadget accessory accessory module assembly,18,269.22,4845.96,PO0201,18,269.22,4845.96,GRN0201,18,MATCH,0
INV0201,04-12-2024,V012,Vendor_12,GBP,5,ITM0035,Part module unit module unit device device,3,121.42,364.26,PO0201,3,121.42,364.26,GRN0201,3,MATCH,0
INV0202,02-01-2024,V007,Vendor_7,USD,1,ITM0024,Assembly gadget widget accessory module part part,5,150.88,754.4,PO0202,5,150.88,754.4,GRN0202,5,MATCH,0
INV0202,02-01-2024,V007,Vendor_7,USD,2,ITM0010,Accessory accessory component part widget gadget accessory,5,191.84,959.2,PO0202,5,191.84,959.2,GRN0202,5,MATCH,0
INV0202,02-01-2024,V007,Vendor_7,USD,3,ITM0002,Module device unit widget part part,1,77.71,77.71,PO0202,1,77.71,77.71,GRN0202,1,MATCH,0
INV0202,02-01-2024,V007,Vendor_7,USD,4,ITM0010,Component widget part,14,79.11,1107.54,PO0202,14,79.11,1107.54,GRN0202,14,MATCH,0
INV0202,02-01-2024,V007,Vendor_7,USD,5,ITM0012,Device device device component module module,1,146.95,146.95,PO0202,1,146.95,146.95,GRN0202,1,MATCH,0
INV0203,20-03-2024,V002,Vendor_2,USD,1,ITM0039,Assembly widget part device,15,279.31,4189.65,PO0203,15,279.31,4189.65,GRN0203,15,MATCH,0
INV0203,20-03-2024,V002,Vendor_2,USD,2,ITM0017,Assembly device module gadget accessory assembly accessory,5,372.85,1864.25,PO0203,5,372.85,1864.25,GRN0203,5,MATCH,0
INV0203_DUP,20-03-2024,V002,Vendor_2,USD,3,ITM0026,Widget module part accessory unit widget device,16,160.03,2560.48,PO0203,16,160.03,2560.48,GRN0203,16,duplicate_invoice,1
INV0203,20-03-2024,V002,Vendor_2,USD,4,ITM0042,Part gadget part unit gadget widget,3,184.54,553.62,PO0203,3,184.54,553.62,GRN0203,3,MATCH,0
INV0203,20-03-2024,V002,Vendor_2,USD,5,ITM0050,Widget component assembly widget unit,10,97.93,979.3,PO0203,10,97.93,979.3,GRN0203,10,MATCH,0
INV0204,13-04-2024,V002,Vendor_2,EUR,1,ITM0018,Accessory unit unit,16,27.61,441.76,PO0204,16,27.61,441.76,GRN0204,16,MATCH,0
INV0204,13-04-2024,V002,Vendor_2,EUR,2,ITM0021,Accessory widget module,10,479.58,4795.8,PO0204,10,479.58,4795.8,GRN0204,10,MATCH,0
INV0204,13-04-2024,V002,Vendor_2,EUR,3,ITM0033,Component module module gadget,4,169.0,676.0,PO0204,4,169.0,676.0,GRN0204,4,MATCH,0
INV0204,13-04-2024,V002,Vendor_2,EUR,4,ITM0048,Widget part gadget unit module unit part,10,84.81,848.1,PO0204,10,84.81,848.1,GRN0204,10,MATCH,0
INV0204,13-04-2024,V002,Vendor_2,EUR,5,ITM0044,Widget unit accessory component gadget device,5,385.57,1927.85,PO0204,5,385.57,1927.85,GRN0204,5,MATCH,0
INV0205,23-03-2024,V017,Vendor_17,GBP,1,ITM0029,Module module part module,13,123.36,1603.68,PO0205,13,123.36,1603.68,GRN0205,13,MATCH,0
INV0205,23-03-2024,V017,Vendor_17,GBP,2,ITM0040,Widget gadget unit assembly part gadget part,18,434.43,7819.74,PO0205,18,434.43,7819.74,GRN0205,18,MATCH,0
INV0205,23-03-2024,V017,Vendor_17,GBP,3,ITM0006,Widget component accessory gadget component module,3,40.21,120.63,PO0205,3,40.21,120.63,GRN0205,3,MATCH,0
INV0205,23-03-2024,V017,Vendor_17,GBP,4,ITM0046,Component assembly component part unit gadget,4,485.98,1943.92,PO0205,4,485.98,1943.92,GRN0205,4,MATCH,0
INV0205,23-03-2024,V017,Vendor_17,GBP,5,ITM0032,Module component module,20,458.98,9179.6,PO0205,20,458.98,9179.6,GRN0205,20,MATCH,0
INV0206,07-03-2024,V015,Vendor_15,GBP,1,ITM0033,Accessory module device assembly component part device,20,488.83,9776.6,PO0206,20,488.83,9776.6,GRN0206,20,MATCH,0
INV0206,07-03-2024,V015,Vendor_15,GBP,2,ITM0004,Device unit gadget widget,13,83.31,1083.03,PO0206,13,83.31,1083.03,GRN0206,13,MATCH,0
INV0206,07-03-2024,V015,Vendor_15,GBP,3,ITM0026,Component part device,12,235.61,2827.32,PO0206,12,235.61,2827.32,GRN0206,12,MATCH,0
INV0206,07-03-2024,V015,Vendor_15,GBP,4,ITM0042,Accessory assembly widget device accessory accessory device,7,203.75,1426.25,PO0206,7,203.75,1426.25,GRN0206,7,MATCH,0
INV0206,07-03-2024,V015,Vendor_15,GBP,5,ITM0005,Module unit gadget device gadget,15,23.95,359.25,PO0206,15,23.95,359.25,GRN0206,0,grn_not_received,1
INV0207,20-03-2024,V016,Vendor_16,EUR,1,ITM0041,Component widget unit module,12,395.83,4749.96,PO0207,12,395.83,4749.96,GRN0207,12,MATCH,0
INV0207,20-03-2024,V016,Vendor_16,EUR,2,ITM0031,Widget part accessory device,9,129.78,1168.02,PO0207,9,129.78,1168.02,GRN0207,9,MATCH,0
INV0207,20-03-2024,V016,Vendor_16,EUR,3,ITM0012,Gadget component widget,15,436.29,6544.35,PO0207,15,436.29,6544.35,GRN0207,15,MATCH,0
INV0207,20-03-2024,V016,Vendor_16,INR,4,ITM0034,Device component part widget,14,174.3,2440.2,PO0207,14,174.3,2440.2,GRN0207,14,currency_mismatch,1
INV0207,20-03-2024,V016,Vendor_16,EUR,5,ITM0049,Gadget module module assembly device,6,482.97,2897.82,PO0207,6,482.97,2897.82,GRN0207,6,MATCH,0
INV0208,11-08-2024,V012,Vendor_12,USD,1,ITM0001,Part unit widget device unit component accessory,11,12.02,132.22,PO0208,11,12.02,132.22,GRN0208,11,currency_mismatch,1
INV0208,11-08-2024,V012,Vendor_12,INR,2,ITM0030,Assembly component part device,9,262.74,2364.66,PO0208,9,262.74,2364.66,GRN0208,0,grn_not_received,1
INV0208,11-08-2024,V012,Vendor_12,INR,3,ITM0001,Accessory part unit unit unit widget,7,212.99,1490.93,PO0208,7,212.99,1490.93,GRN0208,7,MATCH,0
INV0208,11-08-2024,V012,Vendor_12,INR,4,ITM0035,Unit gadget gadget gadget,19,503.24,9077.82,PO0208,19,477.78,9077.82,GRN0208,19,price_mismatch,1
INV0208,11-08-2024,V012,Vendor_12,INR,5,ITM0024,Widget accessory assembly part device,15,209.96,3149.4,PO0208,15,209.96,3149.4,GRN0208,15,MATCH,0
INV0209,29-06-2024,V012,Vendor_12,INR,1,ITM0034,Gadget gadget module gadget unit,18,220.76,3973.68,PO0209,18,220.76,3973.68,GRN0209,0,grn_not_received,1
INV0209,29-06-2024,V012,Vendor_12,INR,2,ITM0019,Unit device accessory accessory widget widget,4,49.37,197.48,PO0209,4,49.37,197.48,GRN0209,4,MATCH,0
INV0209,29-06-2024,V012,Vendor_12,INR,3,ITM0002,Accessory widget device unit assembly unit assembly,2,335.52,671.04,PO0209,2,335.52,671.04,GRN0209,2,MATCH,0
INV0209,29-06-2024,V012,Vendor_12,INR,4,ITM0027,Component assembly module gadget,16,475.52,7608.32,PO0209,16,475.52,7608.32,GRN0209,16,item_not_in_po,1
INV0209,29-06-2024,V012,Vendor_12,INR,5,ITM0023,Module part device device widget module,8,256.24,2049.92,PO0209,8,256.24,2049.92,GRN0209,8,MATCH,0
INV0210,17-05-2024,V009,Vendor_9,GBP,1,ITM0027,Widget accessory widget widget,12,421.18,5054.16,PO0210,12,421.18,5054.16,GRN0210,12,MATCH,0
INV0210,17-05-2024,V009,Vendor_9,GBP,2,ITM0034,Component gadget unit module unit module unit,13,483.68,5396.69,PO0210,13,415.13,5396.69,GRN0210,13,price_mismatch,1
INV0210,17-05-2024,V009,Vendor_9,GBP,3,ITM0037,Gadget unit accessory gadget accessory assembly,14,119.33,1670.62,PO0210,14,119.33,1670.62,GRN0210,0,grn_not_received,1
INV0210,17-05-2024,V009,Vendor_9,GBP,4,ITM0046,Assembly unit part part,9,419.48,3775.32,PO0210,9,419.48,3775.32,GRN0210,9,MATCH,0
INV0210,17-05-2024,V009,Vendor_9,GBP,5,ITM0011,Gadget widget module unit unit,1,310.96,310.96,PO0210,1,310.96,310.96,GRN0210,1,MATCH,0
INV0211,05-10-2024,V003,Vendor_3,INR,1,ITM0002,Accessory unit device gadget,8,151.98,1215.84,PO0211,8,151.98,1215.84,GRN0211,8,MATCH,0
INV0211,05-10-2024,V003,Vendor_3,INR,2,ITM0035,Device part module component,2,141.11,282.22,PO0211,2,141.11,282.22,GRN0211,2,MATCH,0
INV0211,05-10-2024,V003,Vendor_3,INR,3,ITM0010,Unit unit widget,15,463.96,6959.4,PO0211,15,463.96,6959.4,GRN0211,15,MATCH,0
INV0211,05-10-2024,V003,Vendor_3,INR,4,ITM0008,Gadget component gadget,3,249.65,748.95,PO0211,3,249.65,748.95,GRN0211,3,MATCH,0
INV0211,05-10-2024,V003,Vendor_3,INR,5,ITM0024,Module assembly widget widget,3,109.1,327.3,PO0211,3,109.1,327.3,GRN0211,3,MATCH,0
INV0212_DUP,02-08-2024,V013,Vendor_13,GBP,1,ITM0041,Part gadget widget gadget unit unit,2,63.02,126.04,PO0212,2,63.02,126.04,GRN0212,2,duplicate_invoice,1
INV0212,02-08-2024,V013,Vendor_13,GBP,2,ITM0022,Assembly unit assembly gadget device,4,100.46,401.84,PO0212,4,100.46,401.84,GRN0212,4,MATCH,0
INV0212,02-08-2024,V013,Vendor_13,GBP,3,ITM0002,Widget assembly gadget part gadget gadget component,8,46.3,370.4,PO0212,8,46.3,370.4,GRN0212,8,MATCH,0
INV0212,02-08-2024,V013,Vendor_13,GBP,4,ITM0045,Component assembly accessory module,18,327.7,5898.6,PO0212,18,327.7,5898.6,GRN0212,18,MATCH,0
INV0212,02-08-2024,V013,Vendor_13,GBP,5,ITM0030,Module accessory accessory component gadget part,9,481.13,4330.17,PO0212,9,481.13,4330.17,GRN0212,9,MATCH,0
INV0213,22-02-2024,V019,Vendor_19,GBP,1,ITM0011,Accessory assembly part module,10,408.87,3679.83,PO0213,9,408.87,3679.83,GRN0213,9,quantity_mismatch,1
INV0213,22-02-2024,V019,Vendor_19,GBP,2,ITM0040,Unit module unit,12,449.46,5393.52,PO0213,12,449.46,5393.52,GRN0213,12,MATCH,0
INV0213,22-02-2024,V019,Vendor_19,GBP,3,ITM0005,Gadget widget assembly unit component part,17,179.37,3049.29,PO0213,17,179.37,3049.29,GRN0213,17,MATCH,0
INV0213,22-02-2024,V019,Vendor_19,GBP,4,ITM0002,Gadget component part,12,126.43,1517.16,PO0213,12,126.43,1517.16,GRN0213,12,MATCH,0
INV0213,22-02-2024,V019,Vendor_19,USD,5,ITM0014,Module part gadget component widget,11,110.82,1219.02,PO0213,11,110.82,1219.02,GRN0213,11,currency_mismatch,1
INV0214,17-10-2024,V011,Vendor_11,EUR,1,ITM0036,Module unit assembly,4,282.67,1130.68,PO0214,4,282.67,1130.68,GRN0214,4,MATCH,0
INV0214,17-10-2024,V011,Vendor_11,EUR,2,ITM0046,Accessory part device unit unit device module,11,103.08,1133.88,PO0214,11,103.08,1133.88,GRN0214,11,MATCH,0
INV0214,17-10-2024,V011,Vendor_11,EUR,3,ITM0004,Assembly accessory module gadget gadget component,13,122.03,1586.39,PO0214,13,122.03,1586.39,GRN0214,0,grn_not_received,1
INV0214,17-10-2024,V011,Vendor_11,EUR,4,ITM0002,Widget part unit widget assembly,5,421.61,2108.05,PO0214,5,421.61,2108.05,GRN0214,5,MATCH,0
INV0214,17-10-2024,V011,Vendor_11,EUR,5,ITM0026,Accessory accessory widget,1,39.38,39.38,PO0214,1,39.38,39.38,GRN0214,1,MATCH,0
INV0215_DUP,18-02-2024,V014,Vendor_14,GBP,1,ITM0018,Device module unit component unit,13,152.73,1985.49,PO0215,13,152.73,1985.49,GRN0215,13,duplicate_invoice,1
INV0215,18-02-2024,V014,Vendor_14,GBP,2,ITM0030,Part accessory gadget module unit widget,2,413.6,827.2,PO0215,2,413.6,827.2,GRN0215,2,MATCH,0
INV0215,18-02-2024,V014,Vendor_14,GBP,3,ITM0009,Accessory part device,8,89.24,713.92,PO0215,8,89.24,713.92,GRN0215,8,MATCH,0
INV0215,18-02-2024,V014,Vendor_14,GBP,4,ITM0013,Part assembly widget device widget,2,59.85,119.7,PO0215,2,59.85,119.7,GRN0215,2,MATCH,0
INV0215,18-02-2024,V014,Vendor_14,GBP,5,ITM0020,Component device part,13,138.61,1801.93,PO0215,13,138.61,1801.93,GRN0215,13,MATCH,0
INV0216,28-03-2024,V005,Vendor_5,INR,1,ITM0008,Component gadget unit part,14,320.27,4483.78,PO0216,14,320.27,4483.78,GRN0216,14,MATCH,0
INV0216,28-03-2024,V005,Vendor_5,INR,2,ITM0043,Assembly component assembly,16,488.29,7812.64,PO0216,16,488.29,7812.64,GRN0216,16,MATCH,0
INV0216,28-03-2024,V005,Vendor_5,INR,3,ITM0021,Component component component widget unit part,7,349.01,2443.07,PO0216,7,349.01,2443.07,GRN0216,7,MATCH,0
INV0216,28-03-2024,V005,Vendor_5,INR,4,ITM0005,Widget widget gadget part gadget widget,7,407.93,2855.51,PO0216,7,407.93,2855.51,GRN0216,7,MATCH,0
INV0216,28-03-2024,V005,Vendor_5,INR,5,ITM0049,Assembly component accessory device unit part widget,5,113.3,566.5,PO0216,5,113.3,566.5,GRN0216,5,MATCH,0
INV0217,05-07-2024,V013,Vendor_13,INR,1,ITM0040,Gadget module widget module device accessory unit,4,77.91,311.64,PO0217,4,77.91,311.64,GRN0217,4,MATCH,0
INV0217,05-07-2024,V013,Vendor_13,INR,2,ITM0007,Component accessory gadget,1,240.74,240.74,PO0217,1,240.74,240.74,GRN0217,1,MATCH,0
INV0217,05-07-2024,V013,Vendor_13,INR,3,ITM0034,Module gadget assembly module gadget module,14,256.42,3589.88,PO0217,14,256.42,3589.88,GRN0217,14,MATCH,0
INV0217,05-07-2024,V013,Vendor_13,INR,4,ITM0004,Component widget unit device module component,13,110.44,1201.72,PO0217,13,92.44,1201.72,GRN0217,13,price_mismatch,1
INV0217,05-07-2024,V013,Vendor_13,INR,5,ITM0018,Unit assembly widget widget component widget gadget,2,289.74,579.48,PO0217,2,289.74,579.48,GRN0217,2,MATCH,0
INV0218,02-05-2024,V003,Vendor_3,USD,1,ITM0018,Part device module module,8,368.29,2946.32,PO0218,8,368.29,2946.32,GRN0218,8,MATCH,0
INV0218,02-05-2024,V003,Vendor_3,USD,2,ITM0045,Assembly gadget gadget unit device,10,368.27,3682.7,PO0218,10,368.27,3682.7,GRN0218,10,MATCH,0
INV0218,02-05-2024,V003,Vendor_3,USD,3,ITM0007,Assembly device assembly component,9,89.27,714.16,PO0218,8,89.27,714.16,GRN0218,8,quantity_mismatch,1
INV0218,02-05-2024,V003,Vendor_3,USD,4,ITM0044,Gadget component assembly,1,334.69,334.69,PO0218,1,334.69,334.69,GRN0218,1,MATCH,0
INV0218,02-05-2024,V003,Vendor_3,USD,5,ITM0028,Widget accessory part gadget device,1,299.03,299.03,PO0218,1,299.03,299.03,GRN0218,1,MATCH,0
INV0219,30-08-2024,V019,Vendor_19,USD,1,ITM0032,Assembly widget widget device,10,418.5,4185.0,PO0219,10,418.5,4185.0,GRN0219,10,MATCH,0
INV0219,30-08-2024,V019,Vendor_19,USD,2,ITM0034,Gadget gadget widget component device assembly device,18,132.38,2382.84,PO0219,18,132.38,2382.84,GRN0219,18,MATCH,0
INV0219,30-08-2024,V019,Vendor_19,USD,3,ITM0032,Module widget module device accessory,20,244.76,4895.2,PO0219,20,244.76,4895.2,GRN0219,20,MATCH,0
INV0219,30-08-2024,V019,Vendor_19,USD,4,ITM0018,Device widget accessory part unit gadget assembly,8,290.9,2327.2,PO0219,8,290.9,2327.2,GRN0219,8,MATCH,0
INV0219,30-08-2024,V019,Vendor_19,USD,5,ITM0045,Module device gadget accessory unit accessory,18,450.11,8101.98,PO0219,18,450.11,8101.98,GRN0219,18,MATCH,0
INV0220,18-08-2024,V017,Vendor_17,EUR,1,ITM0017,Part module module accessory component,2,291.86,583.72,PO0220,2,291.86,583.72,GRN0220,2,MATCH,0
INV0220,18-08-2024,V017,Vendor_17,EUR,2,ITM0045,Part gadget part unit part,12,147.76,1773.12,PO0220,12,147.76,1773.12,GRN0220,12,MATCH,0
INV0220,18-08-2024,V017,Vendor_17,EUR,3,ITM0001,Accessory gadget device assembly component unit,6,155.3,931.8,PO0220,6,155.3,931.8,GRN0220,6,MATCH,0
INV0220,18-08-2024,V017,Vendor_17,EUR,4,ITM0019,Part widget widget,11,413.61,4136.1,PO0220,10,413.61,4136.1,GRN0220,10,quantity_mismatch,1
INV0220,18-08-2024,V017,Vendor_17,EUR,5,ITM0008,Assembly widget module,1,29.7,29.7,PO0220,1,29.7,29.7,GRN0220,1,MATCH,0
INV0221,11-03-2024,V012,Vendor_12,GBP,1,ITM0033,Gadget widget component accessory gadget unit widget,8,20.91,167.28,PO0221,8,20.91,167.28,GRN0221,8,MATCH,0
INV0221,11-03-2024,V012,Vendor_12,GBP,2,ITM0023,Part unit module accessory,2,447.05,1788.2,PO0221,4,447.05,1788.2,GRN0221,4,quantity_mismatch,1
INV0221,11-03-2024,V012,Vendor_12,USD,3,ITM0020,Component unit device component unit device gadget,5,211.07,1055.35,PO0221,5,211.07,1055.35,GRN0221,5,currency_mismatch,1
INV0221,11-03-2024,V012,Vendor_12,GBP,4,ITM0013,Component component accessory assembly gadget,14,52.54,735.56,PO0221,14,52.54,735.56,GRN0221,14,MATCH,0
INV0221,11-03-2024,V012,Vendor_12,GBP,5,ITM0034,Device assembly device module module assembly,14,233.34,3266.76,PO0221,14,233.34,3266.76,GRN0221,14,MATCH,0
INV0222,13-10-2024,V001,Vendor_1,INR,1,ITM0006,Unit component component assembly,5,312.34,1561.7,PO0222,5,312.34,1561.7,GRN0222,5,MATCH,0
INV0222_DUP,13-10-2024,V001,Vendor_1,INR,2,ITM0037,Widget part gadget device assembly,17,232.81,3957.77,PO0222,17,232.81,3957.77,GRN0222,17,duplicate_invoice,1
INV0222,13-10-2024,V001,Vendor_1,INR,3,ITM0004,Widget part unit,11,299.2,3291.2,PO0222,11,299.2,3291.2,GRN0222,11,item_not_in_po,1
INV0222,13-10-2024,V001,Vendor_1,INR,4,ITM0019,Assembly component widget device device device widget,7,260.55,1823.85,PO0222,7,260.55,1823.85,GRN0222,7,MATCH,0
INV0222,13-10-2024,V001,Vendor_1,INR,5,ITM0036,Gadget accessory unit gadget unit device,1,403.78,403.78,PO0222,1,403.78,403.78,GRN0222,1,MATCH,0
INV0223,15-11-2024,V007,Vendor_7,USD,1,ITM0005,Gadget part assembly,8,106.13,849.04,PO0223,8,106.13,849.04,GRN0223,0,grn_not_received,1
INV0223,15-11-2024,V007,Vendor_7,USD,2,ITM0031,Part module widget,4,153.46,613.84,PO0223,4,153.46,613.84,GRN0223,4,item_not_in_po,1
INV0223,15-11-2024,V007,Vendor_7,USD,3,ITM0031,Part part assembly part,15,503.03,6455.4,PO0223,15,430.36,6455.4,GRN0223,15,price_mismatch,1
INV0223,15-11-2024,V007,Vendor_7,USD,4,ITM0040,Module unit gadget,8,89.53,716.24,PO0223,8,89.53,716.24,GRN0223,8,MATCH,0
INV0223,15-11-2024,V007,Vendor_7,USD,5,ITM0048,Gadget assembly component widget unit module component,13,350.34,4554.42,PO0223,13,350.34,4554.42,GRN0223,13,MATCH,0
INV0224,24-02-2024,V015,Vendor_15,INR,1,ITM0028,Widget assembly unit widget,10,21.87,218.7,PO0224,10,21.87,218.7,GRN0224,10,MATCH,0
INV0224,24-02-2024,V015,Vendor_15,INR,2,ITM0042,Assembly accessory module gadget part assembly widget,6,182.09,1092.54,PO0224,6,182.09,1092.54,GRN0224,6,MATCH,0
INV0224,24-02-2024,V015,Vendor_15,INR,3,ITM0033,Module device module widget,5,179.17,895.85,PO0224,5,179.17,895.85,GRN0224,0,grn_not_received,1
INV0224,24-02-2024,V015,Vendor_15,INR,4,ITM0047,Module device part component device component module,14,191.38,3062.08,PO0224,16,191.38,3062.08,GRN0224,16,quantity_mismatch,1
INV0224,24-02-2024,V015,Vendor_15,INR,5,ITM0031,Unit unit accessory device assembly gadget component,19,177.31,3368.89,PO0224,19,177.31,3368.89,GRN0224,19,MATCH,0
INV0225,12-11-2024,V013,Vendor_13,USD,1,ITM0003,Part gadget widget,4,252.22,1008.88,PO0225,4,252.22,1008.88,GRN0225,4,MATCH,0
INV0225,12-11-2024,V013,Vendor_13,USD,2,ITM0044,Component component device accessory part widget,6,365.44,2192.64,PO0225,6,365.44,2192.64,GRN0225,6,MATCH,0
INV0225,12-11-2024,V013,Vendor_13,USD,3,ITM0025,Accessory widget component widget device module,12,357.21,3662.76,PO0225,12,305.23,3662.76,GRN0225,12,price_mismatch,1
INV0225,12-11-2024,V013,Vendor_13,USD,4,ITM0002,Component device module accessory,19,280.45,5328.55,PO0225,19,280.45,5328.55,GRN0225,19,MATCH,0
INV0225,12-11-2024,V013,Vendor_13,USD,5,ITM0013,Assembly device component device module,17,405.29,6889.93,PO0225,17,405.29,6889.93,GRN0225,17,MATCH,0
INV0226,08-04-2024,V003,Vendor_3,USD,1,ITM0041,Gadget part accessory,12,388.32,4659.84,PO0226,12,388.32,4659.84,GRN0226,12,MATCH,0
INV0226,08-04-2024,V003,Vendor_3,USD,2,ITM0037,Part module device accessory device assembly gadget,7,287.33,2011.31,PO0226,7,287.33,2011.31,GRN0226,7,MATCH,0
INV0226_DUP,08-04-2024,V003,Vendor_3,USD,3,ITM0031,Module unit unit gadget widget module module,3,286.73,860.19,PO0226,3,286.73,860.19,GRN0226,3,duplicate_invoice,1
INV0226,08-04-2024,V003,Vendor_3,USD,4,ITM0009,Component gadget component unit component component accessory,9,198.26,1784.34,PO0226,9,198.26,1784.34,GRN0226,9,MATCH,0
INV0226,08-04-2024,V003,Vendor_3,USD,5,ITM0023,Part gadget component,18,289.8,5216.4,PO0226,18,289.8,5216.4,GRN0226,0,grn_not_received,1
INV0227,22-09-2024,V020,Vendor_20,GBP,1,ITM0026,Widget device widget assembly accessory component widget,11,213.6,2349.6,PO0227,11,213.6,2349.6,GRN0227,11,MATCH,0
INV0227,22-09-2024,V020,Vendor_20,GBP,2,ITM0013,Part widget gadget part component,2,121.63,243.26,PO0227,2,121.63,243.26,GRN0227,2,item_not_in_po,1
INV0227,22-09-2024,V020,Vendor_20,GBP,3,ITM0005,Accessory device device widget accessory accessory unit,20,465.03,9300.6,PO0227,20,465.03,9300.6,GRN0227,20,MATCH,0
INV0227_DUP,22-09-2024,V020,Vendor_20,GBP,4,ITM0036,Accessory component widget widget assembly unit,14,241.41,3379.74,PO0227,14,241.41,3379.74,GRN0227,14,duplicate_invoice,1
INV0227,22-09-2024,V020,Vendor_20,GBP,5,ITM0015,Accessory widget part,7,269.42,1885.94,PO0227,7,269.42,1885.94,GRN0227,7,MATCH,0
INV0228,13-07-2024,V001,Vendor_1,EUR,1,ITM0004,Device device module module gadget module,20,491.35,9827.0,PO0228,20,491.35,9827.0,GRN0228,20,currency_mismatch,1
INV0228,13-07-2024,V001,Vendor_1,INR,2,ITM0024,Gadget module widget component unit,8,209.47,1675.76,PO0228,8,209.47,1675.76,GRN0228,8,MATCH,0
INV0228,13-07-2024,V001,Vendor_1,INR,3,ITM0049,Unit accessory widget device part widget gadget,6,144.89,869.34,PO0228,6,144.89,869.34,GRN0228,6,MATCH,0
INV0228,13-07-2024,V001,Vendor_1,INR,4,ITM0021,Unit accessory accessory gadget module,4,330.01,1320.04,PO0228,4,330.01,1320.04,GRN0228,4,item_not_in_po,1
INV0228,13-07-2024,V001,Vendor_1,INR,5,ITM0005,Accessory gadget device part accessory,8,224.55,1796.4,PO0228,8,224.55,1796.4,GRN0228,8,MATCH,0
INV0229,03-06-2024,V012,Vendor_12,GBP,1,ITM0042,Assembly component device assembly,2,176.58,353.16,PO0229,2,176.58,353.16,GRN0229,2,MATCH,0
INV0229,03-06-2024,V012,Vendor_12,USD,2,ITM0027,Assembly widget accessory part assembly component assembly,4,189.33,757.32,PO0229,4,189.33,757.32,GRN0229,4,currency_mismatch,1
INV0229,03-06-2024,V012,Vendor_12,GBP,3,ITM0010,Accessory device unit,15,476.76,7151.4,PO0229,15,476.76,7151.4,GRN0229,15,MATCH,0
INV0229,03-06-2024,V012,Vendor_12,GBP,4,ITM0002,Part component unit component accessory widget,20,195.05,3901.0,PO0229,20,195.05,3901.0,GRN0229,20,MATCH,0
INV0229,03-06-2024,V012,Vendor_12,GBP,5,ITM0002,Module widget gadget gadget module widget,10,20.5,205.0,PO0229,10,20.5,205.0,GRN0229,0,grn_not_received,1
INV0230,27-06-2024,V001,Vendor_1,GBP,1,ITM0017,Gadget widget device unit part part accessory,2,404.66,809.32,PO0230,2,404.66,809.32,GRN0230,2,MATCH,0
INV0230_DUP,27-06-2024,V001,Vendor_1,GBP,2,ITM0036,Accessory accessory component accessory assembly module,19,385.66,7327.54,PO0230,19,385.66,7327.54,GRN0230,19,duplicate_invoice,1
INV0230,27-06-2024,V001,Vendor_1,GBP,3,ITM0017,Accessory assembly accessory component,1,143.95,143.95,PO0230,1,143.95,143.95,GRN0230,1,MATCH,0
INV0230,27-06-2024,V001,Vendor_1,GBP,4,ITM0044,Widget component assembly module module,20,140.76,2815.2,PO0230,20,140.76,2815.2,GRN0230,20,item_not_in_po,1
INV0230,27-06-2024,V001,Vendor_1,GBP,5,ITM0018,Part part unit gadget unit,11,418.82,4607.02,PO0230,11,418.82,4607.02,GRN0230,11,MATCH,0
INV0231,01-04-2024,V015,Vendor_15,INR,1,ITM0002,Widget widget module unit unit module,19,469.72,8924.68,PO0231,19,469.72,8924.68,GRN0231,19,MATCH,0
INV0231,01-04-2024,V015,Vendor_15,INR,2,ITM0018,Assembly accessory module component part component assembly,8,317.02,2536.16,PO0231,8,317.02,2536.16,GRN0231,8,MATCH,0
INV0231,01-04-2024,V015,Vendor_15,INR,3,ITM0010,Unit component unit gadget assembly module component,18,360.09,6481.62,PO0231,18,360.09,6481.62,GRN0231,18,MATCH,0
INV0231_DUP,01-04-2024,V015,Vendor_15,INR,4,ITM0004,Accessory widget part part assembly,2,302.29,604.58,PO0231,2,302.29,604.58,GRN0231,2,duplicate_invoice,1
INV0231,01-04-2024,V015,Vendor_15,INR,5,ITM0023,Widget module assembly,8,106.0,848.0,PO0231,8,106.0,848.0,GRN0231,8,MATCH,0
INV0232,19-10-2024,V012,Vendor_12,INR,1,ITM0005,Part gadget component part module module,12,237.99,2855.88,PO0232,12,237.99,2855.88,GRN0232,12,MATCH,0
INV0232,19-10-2024,V012,Vendor_12,INR,2,ITM0019,Widget module component gadget unit widget gadget,11,257.84,2836.24,PO0232,11,257.84,2836.24,GRN0232,11,MATCH,0
INV0232_DUP,19-10-2024,V012,Vendor_12,INR,3,ITM0050,Part device accessory module unit unit gadget,3,477.81,1433.43,PO0232,3,477.81,1433.43,GRN0232,3,duplicate_invoice,1
INV0232,19-10-2024,V012,Vendor_12,INR,4,ITM0015,Assembly unit assembly module device part assembly,2,305.52,611.04,PO0232,2,305.52,611.04,GRN0232,2,MATCH,0
INV0232,19-10-2024,V012,Vendor_12,INR,5,ITM0043,Assembly component gadget unit accessory component part,12,119.29,1431.48,PO0232,12,119.29,1431.48,GRN0232,12,MATCH,0
INV0233,10-06-2024,V004,Vendor_4,EUR,1,ITM0029,Module module assembly accessory unit unit,15,394.22,5913.3,PO0233,15,394.22,5913.3,GRN0233,15,MATCH,0
INV0233,10-06-2024,V004,Vendor_4,EUR,2,ITM0015,Part accessory accessory component accessory device unit,20,133.84,2676.8,PO0233,20,133.84,2676.8,GRN0233,20,MATCH,0
INV0233,10-06-2024,V004,Vendor_4,EUR,3,ITM0019,Component widget module accessory unit,7,450.44,3153.08,PO0233,7,450.44,3153.08,GRN0233,7,MATCH,0
INV0233,10-06-2024,V004,Vendor_4,EUR,4,ITM0030,Gadget module device,16,372.71,5963.36,PO0233,16,372.71,5963.36,GRN0233,16,MATCH,0
INV0233,10-06-2024,V004,Vendor_4,EUR,5,ITM0009,Part widget gadget,3,70.53,211.59,PO0233,3,70.53,211.59,GRN0233,3,MATCH,0
INV0234_DUP,28-09-2024,V013,Vendor_13,INR,1,ITM0023,Module unit device gadget,11,297.78,3275.58,PO0234,11,297.78,3275.58,GRN0234,11,duplicate_invoice,1
INV0234,28-09-2024,V013,Vendor_13,INR,2,ITM0040,Accessory widget device,12,475.21,5702.52,PO0234,12,475.21,5702.52,GRN0234,12,item_not_in_po,1
INV0234,28-09-2024,V013,Vendor_13,INR,3,ITM0027,Device module device device device device,19,458.59,8713.21,PO0234,19,458.59,8713.21,GRN0234,19,MATCH,0
INV0234,28-09-2024,V013,Vendor_13,INR,4,ITM0033,Gadget widget unit,15,192.79,2891.85,PO0234,15,192.79,2891.85,GRN0234,15,MATCH,0
INV0234,28-09-2024,V013,Vendor_13,INR,5,ITM0029,Assembly unit accessory widget,10,249.18,2491.8,PO0234,10,249.18,2491.8,GRN0234,10,MATCH,0
INV0235,25-01-2024,V019,Vendor_19,INR,1,ITM0019,Module device accessory widget accessory,7,218.12,1526.84,PO0235,7,218.12,1526.84,GRN0235,7,MATCH,0
INV0235,25-01-2024,V019,Vendor_19,INR,2,ITM0018,Part component module gadget component assembly component,6,147.8,886.8,PO0235,6,147.8,886.8,GRN0235,6,MATCH,0
INV0235,25-01-2024,V019,Vendor_19,INR,3,ITM0017,Device accessory unit gadget gadget part device,1,301.2,301.2,PO0235,1,301.2,301.2,GRN0235,1,MATCH,0
INV0235,25-01-2024,V019,Vendor_19,INR,4,ITM0003,Assembly gadget assembly part module component accessory,14,367.38,5143.32,PO0235,14,367.38,5143.32,GRN0235,14,MATCH,0
INV0235,25-01-2024,V019,Vendor_19,INR,5,ITM0034,Part component widget device,4,224.98,899.92,PO0235,4,224.98,899.92,GRN0235,4,MATCH,0
INV0236,09-08-2024,V016,Vendor_16,GBP,1,ITM0006,Accessory device gadget module,3,373.42,1120.26,PO0236,3,373.42,1120.26,GRN0236,3,MATCH,0
INV0236,09-08-2024,V016,Vendor_16,GBP,2,ITM0015,Component assembly component,17,337.68,5740.56,PO0236,17,337.68,5740.56,GRN0236,17,MATCH,0
INV0236,09-08-2024,V016,Vendor_16,GBP,3,ITM0005,Accessory widget widget device assembly,7,421.51,2950.57,PO0236,7,421.51,2950.57,GRN0236,7,MATCH,0
INV0236,09-08-2024,V016,Vendor_16,GBP,4,ITM0043,Accessory unit component,19,191.22,3633.18,PO0236,19,191.22,3633.18,GRN0236,19,item_not_in_po,1
INV0236,09-08-2024,V016,Vendor_16,GBP,5,ITM0015,Component gadget part device,10,70.24,702.4,PO0236,10,70.24,702.4,GRN0236,10,MATCH,0
INV0237,21-11-2024,V003,Vendor_3,EUR,1,ITM0001,Widget unit gadget gadget module component,13,317.36,4125.68,PO0237,13,317.36,4125.68,GRN0237,13,item_not_in_po,1
INV0237,21-11-2024,V003,Vendor_3,EUR,2,ITM0016,Assembly unit gadget component component,10,335.65,3356.5,PO0237,10,335.65,3356.5,GRN0237,10,MATCH,0
INV0237,21-11-2024,V003,Vendor_3,EUR,3,ITM0032,Unit assembly component gadget accessory accessory,10,212.7,2127.0,PO0237,10,212.7,2127.0,GRN0237,10,MATCH,0
INV0237,21-11-2024,V003,Vendor_3,EUR,4,ITM0029,Component module gadget accessory unit,12,350.0,4200.0,PO0237,12,350.0,4200.0,GRN0237,12,MATCH,0
INV0237,21-11-2024,V003,Vendor_3,EUR,5,ITM0046,Device assembly part assembly,14,345.17,4832.38,PO0237,14,345.17,4832.38,GRN0237,14,MATCH,0
INV0238,15-01-2024,V010,Vendor_10,GBP,1,ITM0033,Accessory part widget device,9,339.12,3052.08,PO0238,9,339.12,3052.08,GRN0238,9,item_not_in_po,1
INV0238,15-01-2024,V010,Vendor_10,GBP,2,ITM0027,Part module component widget assembly gadget,2,182.28,315.42,PO0238,2,157.71,315.42,GRN0238,2,price_mismatch,1
INV0238,15-01-2024,V010,Vendor_10,GBP,3,ITM0027,Unit gadget gadget unit,20,307.32,6146.4,PO0238,20,307.32,6146.4,GRN0238,20,item_not_in_po,1
INV0238,15-01-2024,V010,Vendor_10,GBP,4,ITM0009,Assembly accessory widget module part component module,18,36.42,655.56,PO0238,18,36.42,655.56,GRN0238,18,MATCH,0
INV0238,15-01-2024,V010,Vendor_10,GBP,5,ITM0004,Gadget assembly accessory part module device component,6,455.77,2734.62,PO0238,6,455.77,2734.62,GRN0238,0,grn_not_received,1
INV0239,18-06-2024,V014,Vendor_14,EUR,1,ITM0036,Accessory widget widget accessory,4,253.24,1012.96,PO0239,4,253.24,1012.96,GRN0239,4,MATCH,0
INV0239,18-06-2024,V014,Vendor_14,EUR,2,ITM0032,Gadget component component,8,21.72,173.76,PO0239,8,21.72,173.76,GRN0239,8,MATCH,0
INV0239,18-06-2024,V014,Vendor_14,EUR,3,ITM0048,Part module module,9,481.36,3885.12,PO0239,9,431.68,3885.12,GRN0239,9,price_mismatch,1
INV0239,18-06-2024,V014,Vendor_14,EUR,4,ITM0005,Assembly device device,1,12.3,12.3,PO0239,1,12.3,12.3,GRN0239,1,MATCH,0
INV0239_DUP,18-06-2024,V014,Vendor_14,EUR,5,ITM0035,Accessory widget unit module part part part,14,258.62,3620.68,PO0239,14,258.62,3620.68,GRN0239,14,duplicate_invoice,1
INV0240,12-01-2024,V010,Vendor_10,GBP,1,ITM0030,Widget accessory unit module,16,51.07,714.98,PO0240,14,51.07,714.98,GRN0240,14,quantity_mismatch,1
INV0240,12-01-2024,V010,Vendor_10,GBP,2,ITM0027,Component component device assembly module accessory device,14,382.54,4590.48,PO0240,12,382.54,4590.48,GRN0240,12,quantity_mismatch,1
INV0240,12-01-2024,V010,Vendor_10,GBP,3,ITM0046,Assembly unit widget,8,226.31,1810.48,PO0240,8,226.31,1810.48,GRN0240,8,MATCH,0
INV0240,12-01-2024,V010,Vendor_10,GBP,4,ITM0031,Widget component gadget unit widget unit gadget,16,298.74,4779.84,PO0240,16,298.74,4779.84,GRN0240,16,MATCH,0
INV0240,12-01-2024,V010,Vendor_10,GBP,5,ITM0006,Module part assembly part,8,34.17,273.36,PO0240,8,34.17,273.36,GRN0240,8,MATCH,0
INV0241,09-09-2024,V009,Vendor_9,INR,1,ITM0020,Part widget device unit part,9,346.75,3120.75,PO0241,9,346.75,3120.75,GRN0241,9,MATCH,0
INV0241,09-09-2024,V009,Vendor_9,INR,2,ITM0049,Part assembly component unit component device assembly,3,461.01,1383.03,PO0241,3,461.01,1383.03,GRN0241,3,MATCH,0
INV0241,09-09-2024,V009,Vendor_9,INR,3,ITM0028,Module device gadget,4,87.27,349.08,PO0241,4,87.27,349.08,GRN0241,4,MATCH,0
INV0241,09-09-2024,V009,Vendor_9,INR,4,ITM0029,Widget module gadget,17,246.16,4184.72,PO0241,17,246.16,4184.72,GRN0241,17,MATCH,0
INV0241,09-09-2024,V009,Vendor_9,INR,5,ITM0048,Module widget gadget accessory device part component,11,309.47,3404.17,PO0241,11,309.47,3404.17,GRN0241,11,MATCH,0
INV0242,09-07-2024,V019,Vendor_19,EUR,1,ITM0010,Assembly gadget unit device assembly,9,238.69,2148.21,PO0242,9,238.69,2148.21,GRN0242,9,MATCH,0
INV0242,09-07-2024,V019,Vendor_19,EUR,2,ITM0014,Accessory device part gadget assembly,16,9.86,157.76,PO0242,16,9.86,157.76,GRN0242,16,MATCH,0
INV0242,09-07-2024,V019,Vendor_19,EUR,3,ITM0027,Gadget widget accessory component,7,103.64,725.48,PO0242,7,103.64,725.48,GRN0242,7,MATCH,0
INV0242,09-07-2024,V019,Vendor_19,EUR,4,ITM0007,Assembly widget unit unit widget unit part,12,316.27,3795.24,PO0242,12,316.27,3795.24,GRN0242,12,MATCH,0
INV0242,09-07-2024,V019,Vendor_19,EUR,5,ITM0013,Component accessory module device module,13,467.48,6077.24,PO0242,13,467.48,6077.24,GRN0242,13,MATCH,0
INV0243,14-10-2024,V018,Vendor_18,EUR,1,ITM0005,Gadget device component component widget part unit,13,168.43,2189.59,PO0243,13,168.43,2189.59,GRN0243,13,MATCH,0
INV0243,14-10-2024,V018,Vendor_18,EUR,2,ITM0050,Unit accessory device unit accessory gadget widget,8,494.6,3956.8,PO0243,8,494.6,3956.8,GRN0243,8,MATCH,0
INV0243,14-10-2024,V018,Vendor_18,EUR,3,ITM0006,Gadget gadget part component accessory widget assembly,15,215.58,3233.7,PO0243,15,215.58,3233.7,GRN0243,15,MATCH,0
INV0243,14-10-2024,V018,Vendor_18,EUR,4,ITM0031,Component device component module device,16,180.72,2891.52,PO0243,16,180.72,2891.52,GRN0243,16,MATCH,0
INV0243,14-10-2024,V018,Vendor_18,EUR,5,ITM0034,Assembly part part accessory accessory,9,357.12,3214.08,PO0243,9,357.12,3214.08,GRN0243,9,MATCH,0
INV0244,11-08-2024,V018,Vendor_18,INR,1,ITM0032,Device unit module module widget,12,428.41,5140.92,PO0244,12,428.41,5140.92,GRN0244,12,MATCH,0
INV0244,11-08-2024,V018,Vendor_18,INR,2,ITM0050,Device gadget unit accessory accessory,13,190.23,2472.99,PO0244,13,190.23,2472.99,GRN0244,13,MATCH,0
INV0244,11-08-2024,V018,Vendor_18,INR,3,ITM0048,Gadget module gadget,19,158.64,3014.16,PO0244,19,158.64,3014.16,GRN0244,0,grn_not_received,1
INV0244_DUP,11-08-2024,V018,Vendor_18,INR,4,ITM0007,Accessory assembly widget component unit,16,202.16,3234.56,PO0244,16,202.16,3234.56,GRN0244,16,duplicate_invoice,1
INV0244,11-08-2024,V018,Vendor_18,INR,5,ITM0045,Component widget unit widget device,16,498.63,7978.08,PO0244,16,498.63,7978.08,GRN0244,16,MATCH,0
INV0245,19-11-2024,V015,Vendor_15,INR,1,ITM0012,Device unit assembly widget module unit,5,354.29,1771.45,PO0245,5,354.29,1771.45,GRN0245,5,MATCH,0
INV0245,19-11-2024,V015,Vendor_15,EUR,2,ITM0012,Widget part gadget module,2,160.55,321.1,PO0245,2,160.55,321.1,GRN0245,2,currency_mismatch,1
INV0245,19-11-2024,V015,Vendor_15,INR,3,ITM0035,Accessory gadget unit widget part,11,449.38,4943.18,PO0245,11,449.38,4943.18,GRN0245,11,MATCH,0
INV0245,19-11-2024,V015,Vendor_15,INR,4,ITM0011,Device module widget unit module device widget,7,413.4,2893.8,PO0245,7,413.4,2893.8,GRN0245,7,MATCH,0
INV0245,19-11-2024,V015,Vendor_15,INR,5,ITM0033,Device widget module component,7,345.91,2421.37,PO0245,7,345.91,2421.37,GRN0245,7,MATCH,0
INV0246,28-07-2024,V006,Vendor_6,USD,1,ITM0020,Unit gadget assembly part widget,15,48.64,729.6,PO0246,15,48.64,729.6,GRN0246,15,MATCH,0
INV0246,28-07-2024,V006,Vendor_6,USD,2,ITM0006,Device gadget unit accessory,6,395.42,2372.52,PO0246,6,395.42,2372.52,GRN0246,6,MATCH,0
INV0246,28-07-2024,V006,Vendor_6,USD,3,ITM0014,Assembly part accessory component device,7,374.97,2624.79,PO0246,7,374.97,2624.79,GRN0246,7,MATCH,0
INV0246,28-07-2024,V006,Vendor_6,USD,4,ITM0048,Component module component component,19,161.19,3062.61,PO0246,19,161.19,3062.61,GRN0246,19,MATCH,0
INV0246,28-07-2024,V006,Vendor_6,USD,5,ITM0015,Component gadget accessory component,15,135.95,2039.25,PO0246,15,135.95,2039.25,GRN0246,15,MATCH,0
INV0247,07-09-2024,V012,Vendor_12,GBP,1,ITM0023,Assembly unit part widget part module assembly,7,496.91,3478.37,PO0247,7,496.91,3478.37,GRN0247,7,MATCH,0
INV0247,07-09-2024,V012,Vendor_12,GBP,2,ITM0028,Unit device component module accessory,18,415.78,7484.04,PO0247,18,415.78,7484.04,GRN0247,18,MATCH,0
INV0247,07-09-2024,V012,Vendor_12,GBP,3,ITM0018,Assembly gadget gadget,9,20.57,185.13,PO0247,9,20.57,185.13,GRN0247,9,MATCH,0
INV0247,07-09-2024,V012,Vendor_12,GBP,4,ITM0008,Unit gadget gadget unit module module unit,2,164.57,329.14,PO0247,2,164.57,329.14,GRN0247,2,MATCH,0
INV0247,07-09-2024,V012,Vendor_12,GBP,5,ITM0007,Part widget module module unit,4,97.62,390.48,PO0247,4,97.62,390.48,GRN0247,4,MATCH,0
INV0248,02-07-2024,V010,Vendor_10,EUR,1,ITM0030,Gadget widget part assembly unit module module,8,130.02,1040.16,PO0248,8,130.02,1040.16,GRN0248,8,MATCH,0
INV0248,02-07-2024,V010,Vendor_10,EUR,2,ITM0024,Module device component accessory part device accessory,17,58.39,992.63,PO0248,17,58.39,992.63,GRN0248,17,MATCH,0
INV0248,02-07-2024,V010,Vendor_10,EUR,3,ITM0028,Accessory module widget assembly accessory,20,482.79,9655.8,PO0248,20,482.79,9655.8,GRN0248,20,MATCH,0
INV0248,02-07-2024,V010,Vendor_10,USD,4,ITM0034,Accessory unit gadget unit,2,485.31,970.62,PO0248,2,485.31,970.62,GRN0248,2,currency_mismatch,1
INV0248_DUP,02-07-2024,V010,Vendor_10,EUR,5,ITM0020,Part assembly gadget widget,5,104.2,521.0,PO0248,5,104.2,521.0,GRN0248,5,duplicate_invoice,1
INV0249,29-03-2024,V010,Vendor_10,GBP,1,ITM0006,Component gadget widget component,18,423.61,7624.98,PO0249,18,423.61,7624.98,GRN0249,18,MATCH,0
INV0249,29-03-2024,V010,Vendor_10,GBP,2,ITM0024,Assembly module assembly,13,350.9,4561.7,PO0249,13,350.9,4561.7,GRN0249,0,grn_not_received,1
INV0249,29-03-2024,V010,Vendor_10,GBP,3,ITM0031,Part device device widget gadget device,5,202.94,1014.7,PO0249,5,202.94,1014.7,GRN0249,5,MATCH,0
INV0249,29-03-2024,V010,Vendor_10,GBP,4,ITM0021,Part device module module widget,16,336.59,5385.44,PO0249,16,336.59,5385.44,GRN0249,16,MATCH,0
INV0249,29-03-2024,V010,Vendor_10,GBP,5,ITM0038,Gadget unit device,12,184.33,2211.96,PO0249,12,184.33,2211.96,GRN0249,12,MATCH,0
INV0250,13-09-2024,V001,Vendor_1,INR,1,ITM0005,Gadget gadget gadget module,11,195.11,2146.21,PO0250,11,195.11,2146.21,GRN0250,11,MATCH,0
INV0250,13-09-2024,V001,Vendor_1,INR,2,ITM0012,Gadget component device assembly component accessory,6,85.95,515.7,PO0250,6,85.95,515.7,GRN0250,6,MATCH,0
INV0250,13-09-2024,V001,Vendor_1,INR,3,ITM0044,Part assembly widget device widget part part,1,84.64,84.64,PO0250,1,84.64,84.64,GRN0250,1,MATCH,0
INV0250,13-09-2024,V001,Vendor_1,INR,4,ITM0009,Assembly device widget unit device module widget,14,133.03,1862.42,PO0250,14,133.03,1862.42,GRN0250,14,MATCH,0
INV0250,13-09-2024,V001,Vendor_1,INR,5,ITM0041,Unit part assembly,12,391.6,4699.2,PO0250,12,391.6,4699.2,GRN0250,12,MATCH,0
INV0251,30-12-2024,V011,Vendor_11,GBP,1,ITM0008,Accessory assembly module device,5,8.44,42.2,PO0251,5,8.44,42.2,GRN0251,5,MATCH,0
INV0251,30-12-2024,V011,Vendor_11,GBP,2,ITM0046,Component assembly unit part module assembly widget,16,232.82,3725.12,PO0251,16,232.82,3725.12,GRN0251,16,MATCH,0
INV0251,30-12-2024,V011,Vendor_11,GBP,3,ITM0004,Device component module component part assembly gadget,12,242.69,2537.28,PO0251,12,211.44,2537.28,GRN0251,12,price_mismatch,1
INV0251,30-12-2024,V011,Vendor_11,GBP,4,ITM0029,Component widget gadget device assembly,13,128.07,1664.91,PO0251,13,128.07,1664.91,GRN0251,13,MATCH,0
INV0251,30-12-2024,V011,Vendor_11,GBP,5,ITM0006,Widget device unit module component accessory device,8,459.79,3678.32,PO0251,8,459.79,3678.32,GRN0251,8,MATCH,0
INV0252,25-09-2024,V019,Vendor_19,INR,1,ITM0003,Component widget unit,4,194.05,776.2,PO0252,4,194.05,776.2,GRN0252,4,MATCH,0
INV0252,25-09-2024,V019,Vendor_19,INR,2,ITM0047,Module unit component,13,16.08,209.04,PO0252,13,16.08,209.04,GRN0252,13,MATCH,0
INV0252,25-09-2024,V019,Vendor_19,INR,3,ITM0048,Device device widget accessory accessory,7,287.59,2013.13,PO0252,7,287.59,2013.13,GRN0252,7,MATCH,0
INV0252,25-09-2024,V019,Vendor_19,INR,4,ITM0020,Assembly part component part module assembly device,14,141.02,1974.28,PO0252,14,141.02,1974.28,GRN0252,14,MATCH,0
INV0252,25-09-2024,V019,Vendor_19,INR,5,ITM0045,Component device unit accessory,10,139.98,1399.8,PO0252,10,139.98,1399.8,GRN0252,10,MATCH,0
INV0253,27-07-2024,V007,Vendor_7,USD,1,ITM0027,Component assembly part unit,4,114.56,458.24,PO0253,4,114.56,458.24,GRN0253,4,MATCH,0
INV0253,27-07-2024,V007,Vendor_7,USD,2,ITM0002,Gadget unit device unit assembly,14,319.21,4468.94,PO0253,14,319.21,4468.94,GRN0253,14,MATCH,0
INV0253,27-07-2024,V007,Vendor_7,USD,3,ITM0022,Module accessory widget module module module assembly,16,109.27,1748.32,PO0253,16,109.27,1748.32,GRN0253,16,MATCH,0
INV0253_DUP,27-07-2024,V007,Vendor_7,USD,4,ITM0045,Device component widget part,3,317.54,952.62,PO0253,3,317.54,952.62,GRN0253,3,duplicate_invoice,1
INV0253,27-07-2024,V007,Vendor_7,USD,5,ITM0036,Widget device assembly component device,15,338.88,5083.2,PO0253,15,338.88,5083.2,GRN0253,15,MATCH,0
INV0254,16-01-2024,V005,Vendor_5,EUR,1,ITM0040,Unit module device device component,16,494.89,7918.24,PO0254,16,494.89,7918.24,GRN0254,16,MATCH,0
INV0254,16-01-2024,V005,Vendor_5,EUR,2,ITM0025,Gadget unit part widget gadget accessory unit,6,433.12,2598.72,PO0254,6,433.12,2598.72,GRN0254,6,MATCH,0
INV0254,16-01-2024,V005,Vendor_5,EUR,3,ITM0050,Assembly module gadget accessory component device,4,333.8,1335.2,PO0254,4,333.8,1335.2,GRN0254,4,MATCH,0
INV0254,16-01-2024,V005,Vendor_5,INR,4,ITM0044,Assembly assembly component module device,10,413.94,4139.4,PO0254,10,413.94,4139.4,GRN0254,10,currency_mismatch,1
INV0254,16-01-2024,V005,Vendor_5,EUR,5,ITM0029,Accessory gadget component assembly,11,382.65,4209.15,PO0254,11,382.65,4209.15,GRN0254,11,MATCH,0
INV0255,01-12-2024,V006,Vendor_6,USD,1,ITM0025,Unit accessory module unit unit gadget unit,3,301.79,905.37,PO0255,3,301.79,905.37,GRN0255,3,MATCH,0
INV0255_DUP,01-12-2024,V006,Vendor_6,USD,2,ITM0047,Accessory component component unit assembly widget,12,16.25,195.0,PO0255,12,16.25,195.0,GRN0255,12,duplicate_invoice,1
INV0255,01-12-2024,V006,Vendor_6,USD,3,ITM0039,Assembly part part gadget module part,6,238.72,1432.32,PO0255,6,238.72,1432.32,GRN0255,6,item_not_in_po,1
INV0255,01-12-2024,V006,Vendor_6,USD,4,ITM0046,Component component accessory gadget,15,232.3,3484.5,PO0255,15,232.3,3484.5,GRN0255,15,MATCH,0
INV0255,01-12-2024,V006,Vendor_6,USD,5,ITM0044,Module component gadget assembly unit part part,6,126.21,757.26,PO0255,6,126.21,757.26,GRN0255,6,MATCH,0
INV0256,05-02-2024,V001,Vendor_1,USD,1,ITM0044,Part accessory part widget module component,18,64.89,1168.02,PO0256,18,64.89,1168.02,GRN0256,18,item_not_in_po,1
INV0256,05-02-2024,V001,Vendor_1,USD,2,ITM0050,Unit assembly widget assembly device component module,2,184.87,369.74,PO0256,2,184.87,369.74,GRN0256,0,grn_not_received,1
INV0256,05-02-2024,V001,Vendor_1,USD,3,ITM0046,Unit module part widget part device unit,4,362.39,1449.56,PO0256,4,362.39,1449.56,GRN0256,4,MATCH,0
INV0256,05-02-2024,V001,Vendor_1,USD,4,ITM0024,Unit gadget component assembly component component,3,231.83,695.49,PO0256,3,231.83,695.49,GRN0256,3,MATCH,0
INV0256,05-02-2024,V001,Vendor_1,USD,5,ITM0046,Device device module device component assembly,9,286.27,2576.43,PO0256,9,286.27,2576.43,GRN0256,9,MATCH,0
INV0257,31-10-2024,V002,Vendor_2,EUR,1,ITM0010,Component gadget module module component accessory gadget,10,240.27,2402.7,PO0257,10,240.27,2402.7,GRN0257,10,MATCH,0
INV0257,31-10-2024,V002,Vendor_2,EUR,2,ITM0029,Gadget part gadget unit part,9,320.2,2881.8,PO0257,9,320.2,2881.8,GRN0257,9,MATCH,0
INV0257,31-10-2024,V002,Vendor_2,EUR,3,ITM0002,Unit gadget widget module,17,374.0,6358.0,PO0257,17,374.0,6358.0,GRN0257,17,MATCH,0
INV0257,31-10-2024,V002,Vendor_2,EUR,4,ITM0034,Assembly accessory accessory unit unit assembly,17,190.31,3235.27,PO0257,17,190.31,3235.27,GRN0257,17,MATCH,0
INV0257,31-10-2024,V002,Vendor_2,EUR,5,ITM0032,Part assembly assembly module,3,174.47,523.41,PO0257,3,174.47,523.41,GRN0257,3,MATCH,0
INV0258,07-06-2024,V007,Vendor_7,EUR,1,ITM0010,Unit device gadget gadget assembly,19,456.79,8679.01,PO0258,19,456.79,8679.01,GRN0258,19,MATCH,0
INV0258,07-06-2024,V007,Vendor_7,EUR,2,ITM0001,Accessory device module widget unit accessory assembly,9,278.88,2509.92,PO0258,9,278.88,2509.92,GRN0258,0,grn_not_received,1
INV0258,07-06-2024,V007,Vendor_7,EUR,3,ITM0035,Part accessory widget unit component component device,8,118.03,944.24,PO0258,8,118.03,944.24,GRN0258,8,MATCH,0
INV0258,07-06-2024,V007,Vendor_7,EUR,4,ITM0046,Gadget accessory component component device device,3,453.54,1360.62,PO0258,3,453.54,1360.62,GRN0258,3,MATCH,0
INV0258,07-06-2024,V007,Vendor_7,EUR,5,ITM0009,Component gadget component device assembly widget part,2,162.83,325.66,PO0258,2,162.83,325.66,GRN0258,2,MATCH,0
INV0259,20-11-2024,V003,Vendor_3,EUR,1,ITM0031,Module assembly widget,19,130.77,2116.98,PO0259,19,111.42,2116.98,GRN0259,19,price_mismatch,1
INV0259,20-11-2024,V003,Vendor_3,EUR,2,ITM0032,Unit unit part gadget part,7,296.52,2075.64,PO0259,7,296.52,2075.64,GRN0259,7,MATCH,0
INV0259,20-11-2024,V003,Vendor_3,EUR,3,ITM0041,Device accessory component module component unit component,16,259.53,4152.48,PO0259,16,259.53,4152.48,GRN0259,16,MATCH,0
INV0259,20-11-2024,V003,Vendor_3,EUR,4,ITM0042,Component assembly module device assembly,15,60.18,902.7,PO0259,15,60.18,902.7,GRN0259,15,MATCH,0
INV0259,20-11-2024,V003,Vendor_3,EUR,5,ITM0049,Assembly component accessory assembly,6,93.5,561.0,PO0259,6,93.5,561.0,GRN0259,6,MATCH,0
INV0260,09-08-2024,V010,Vendor_10,USD,1,ITM0029,Unit assembly gadget part device,7,157.06,1099.42,PO0260,7,157.06,1099.42,GRN0260,7,MATCH,0
INV0260,09-08-2024,V010,Vendor_10,USD,2,ITM0020,Device assembly device accessory gadget,5,165.26,826.3,PO0260,5,165.26,826.3,GRN0260,5,MATCH,0
INV0260,09-08-2024,V010,Vendor_10,USD,3,ITM0013,Part part unit gadget accessory accessory,20,395.43,7908.6,PO0260,20,395.43,7908.6,GRN0260,20,MATCH,0
INV0260,09-08-2024,V010,Vendor_10,USD,4,ITM0050,Component component accessory part module,10,200.93,1701.9,PO0260,10,170.19,1701.9,GRN0260,10,price_mismatch,1
INV0260,09-08-2024,V010,Vendor_10,USD,5,ITM0023,Assembly module module module device,13,32.38,420.94,PO0260,13,32.38,420.94,GRN0260,0,grn_not_received,1
INV0261,28-07-2024,V012,Vendor_12,EUR,1,ITM0030,Widget device gadget device component,12,16.72,200.64,PO0261,12,16.72,200.64,GRN0261,12,MATCH,0
INV0261,28-07-2024,V012,Vendor_12,EUR,2,ITM0028,Component unit gadget gadget assembly part,4,41.84,167.36,PO0261,4,41.84,167.36,GRN0261,4,MATCH,0
INV0261,28-07-2024,V012,Vendor_12,EUR,3,ITM0011,Device accessory unit accessory accessory,13,345.46,4490.98,PO0261,13,345.46,4490.98,GRN0261,13,MATCH,0
INV0261,28-07-2024,V012,Vendor_12,EUR,4,ITM0046,Component accessory unit widget widget module,18,187.88,3381.84,PO0261,18,187.88,3381.84,GRN0261,18,MATCH,0
INV0261,28-07-2024,V012,Vendor_12,EUR,5,ITM0019,Assembly part widget,14,413.03,5782.42,PO0261,14,413.03,5782.42,GRN0261,0,grn_not_received,1
INV0262,18-03-2024,V019,Vendor_19,GBP,1,ITM0037,Unit module component assembly,9,280.55,2524.95,PO0262,9,280.55,2524.95,GRN0262,9,MATCH,0
INV0262,18-03-2024,V019,Vendor_19,GBP,2,ITM0019,Gadget device part,11,478.81,5266.91,PO0262,11,478.81,5266.91,GRN0262,11,MATCH,0
INV0262,18-03-2024,V019,Vendor_19,GBP,3,ITM0024,Device gadget component component module gadget,9,131.4,1182.6,PO0262,9,131.4,1182.6,GRN0262,9,MATCH,0
INV0262,18-03-2024,V019,Vendor_19,GBP,4,ITM0048,Gadget unit module,16,400.06,6400.96,PO0262,16,400.06,6400.96,GRN0262,16,MATCH,0
INV0262,18-03-2024,V019,Vendor_19,GBP,5,ITM0034,Accessory assembly widget,14,497.85,6969.9,PO0262,14,497.85,6969.9,GRN0262,14,MATCH,0
INV0263,15-09-2024,V011,Vendor_11,INR,1,ITM0019,Module widget widget widget unit gadget gadget,17,423.92,7206.64,PO0263,17,423.92,7206.64,GRN0263,17,MATCH,0
INV0263,15-09-2024,V011,Vendor_11,INR,2,ITM0006,Accessory unit accessory device device module component,15,445.23,6678.45,PO0263,15,445.23,6678.45,GRN0263,15,MATCH,0
INV0263,15-09-2024,V011,Vendor_11,INR,3,ITM0048,Unit widget unit module,17,391.65,6658.05,PO0263,17,391.65,6658.05,GRN0263,17,MATCH,0
INV0263,15-09-2024,V011,Vendor_11,INR,4,ITM0048,Accessory module component unit module widget,11,216.44,2380.84,PO0263,11,216.44,2380.84,GRN0263,11,MATCH,0
INV0263,15-09-2024,V011,Vendor_11,INR,5,ITM0017,Unit device assembly unit,7,386.11,2702.77,PO0263,7,386.11,2702.77,GRN0263,7,MATCH,0
INV0264,21-10-2024,V012,Vendor_12,EUR,1,ITM0013,Gadget gadget widget unit,2,390.83,781.66,PO0264,2,390.83,781.66,GRN0264,2,MATCH,0
INV0264,21-10-2024,V012,Vendor_12,EUR,2,ITM0035,Accessory component component component gadget,10,85.83,858.3,PO0264,10,85.83,858.3,GRN0264,10,MATCH,0
INV0264,21-10-2024,V012,Vendor_12,EUR,3,ITM0018,Accessory gadget module gadget,15,65.94,989.1,PO0264,15,65.94,989.1,GRN0264,0,grn_not_received,1
INV0264,21-10-2024,V012,Vendor_12,EUR,4,ITM0025,Module device device,13,29.36,381.68,PO0264,13,29.36,381.68,GRN0264,13,MATCH,0
INV0264,21-10-2024,V012,Vendor_12,EUR,5,ITM0029,Gadget device unit gadget accessory assembly,19,363.64,6909.16,PO0264,19,363.64,6909.16,GRN0264,19,MATCH,0
INV0265,03-03-2024,V006,Vendor_6,EUR,1,ITM0008,Device module accessory module gadget widget,17,183.13,3113.21,PO0265,17,183.13,3113.21,GRN0265,17,MATCH,0
INV0265,03-03-2024,V006,Vendor_6,EUR,2,ITM0017,Gadget assembly widget part module part module,10,474.73,4190.8,PO0265,10,419.08,4190.8,GRN0265,10,price_mismatch,1
INV0265,03-03-2024,V006,Vendor_6,EUR,3,ITM0028,Component device unit part part,1,475.9,475.9,PO0265,1,475.9,475.9,GRN0265,1,MATCH,0
INV0265,03-03-2024,V006,Vendor_6,EUR,4,ITM0018,Widget part gadget widget assembly,5,349.06,1745.3,PO0265,5,349.06,1745.3,GRN0265,5,MATCH,0
INV0265,03-03-2024,V006,Vendor_6,EUR,5,ITM0049,Widget part part,10,188.99,1889.9,PO0265,10,188.99,1889.9,GRN0265,10,MATCH,0
INV0266,31-07-2024,V006,Vendor_6,INR,1,ITM0012,Accessory accessory device part,6,185.71,1114.26,PO0266,6,185.71,1114.26,GRN0266,6,MATCH,0
INV0266,31-07-2024,V006,Vendor_6,INR,2,ITM0008,Widget gadget module module,9,312.85,2815.65,PO0266,9,312.85,2815.65,GRN0266,9,MATCH,0
INV0266,31-07-2024,V006,Vendor_6,INR,3,ITM0002,Component part widget,5,457.22,2286.1,PO0266,5,457.22,2286.1,GRN0266,5,MATCH,0
INV0266,31-07-2024,V006,Vendor_6,INR,4,ITM0003,Module unit assembly gadget widget accessory widget,3,60.64,181.92,PO0266,3,60.64,181.92,GRN0266,3,MATCH,0
INV0266_DUP,31-07-2024,V006,Vendor_6,INR,5,ITM0031,Accessory part assembly gadget unit unit,10,240.74,2407.4,PO0266,10,240.74,2407.4,GRN0266,10,duplicate_invoice,1
INV0267,11-05-2024,V005,Vendor_5,GBP,1,ITM0043,Module unit device assembly device part gadget,8,259.79,2078.32,PO0267,8,259.79,2078.32,GRN0267,8,MATCH,0
INV0267,11-05-2024,V005,Vendor_5,GBP,2,ITM0010,Unit device device component,20,57.09,1141.8,PO0267,20,57.09,1141.8,GRN0267,20,MATCH,0
INV0267,11-05-2024,V005,Vendor_5,GBP,3,ITM0015,Gadget unit component accessory device,17,260.87,4434.79,PO0267,17,260.87,4434.79,GRN0267,17,MATCH,0
INV0267,11-05-2024,V005,Vendor_5,GBP,4,ITM0018,Component module gadget device,2,375.23,750.46,PO0267,2,375.23,750.46,GRN0267,2,MATCH,0
INV0267,11-05-2024,V005,Vendor_5,GBP,5,ITM0025,Part accessory widget,2,418.51,837.02,PO0267,2,418.51,837.02,GRN0267,2,MATCH,0
INV0268,01-05-2024,V006,Vendor_6,INR,1,ITM0021,Unit assembly module,19,205.8,3910.2,PO0268,19,205.8,3910.2,GRN0268,19,item_not_in_po,1
INV0268,01-05-2024,V006,Vendor_6,INR,2,ITM0014,Unit assembly gadget component device accessory,10,498.36,5481.96,PO0268,11,498.36,5481.96,GRN0268,11,quantity_mismatch,1
INV0268,01-05-2024,V006,Vendor_6,INR,3,ITM0012,Module part device assembly widget,11,382.82,4211.02,PO0268,11,382.82,4211.02,GRN0268,11,MATCH,0
INV0268,01-05-2024,V006,Vendor_6,INR,4,ITM0017,Part module widget,18,67.48,1214.64,PO0268,18,67.48,1214.64,GRN0268,18,MATCH,0
INV0268,01-05-2024,V006,Vendor_6,INR,5,ITM0015,Part gadget device gadget module assembly,16,492.23,8860.14,PO0268,18,492.23,8860.14,GRN0268,18,quantity_mismatch,1
INV0269,12-02-2024,V017,Vendor_17,EUR,1,ITM0026,Gadget part gadget widget device module unit,5,283.63,1418.15,PO0269,5,283.63,1418.15,GRN0269,5,MATCH,0
INV0269,12-02-2024,V017,Vendor_17,EUR,2,ITM0034,Widget assembly assembly device accessory gadget gadget,6,319.28,1915.68,PO0269,6,319.28,1915.68,GRN0269,6,MATCH,0
INV0269,12-02-2024,V017,Vendor_17,EUR,3,ITM0040,Part device gadget accessory,20,214.89,4297.8,PO0269,20,214.89,4297.8,GRN0269,20,MATCH,0
INV0269,12-02-2024,V017,Vendor_17,EUR,4,ITM0013,Widget accessory module module assembly,14,447.4,6263.6,PO0269,14,447.4,6263.6,GRN0269,14,MATCH,0
INV0269,12-02-2024,V017,Vendor_17,EUR,5,ITM0030,Gadget accessory widget component unit,10,108.33,1083.3,PO0269,10,108.33,1083.3,GRN0269,10,MATCH,0
INV0270,09-11-2024,V020,Vendor_20,USD,1,ITM0004,Gadget assembly gadget accessory accessory accessory,13,394.22,5124.86,PO0270,13,394.22,5124.86,GRN0270,13,MATCH,0
INV0270,09-11-2024,V020,Vendor_20,USD,2,ITM0042,Module gadget part widget accessory component,14,66.12,859.56,PO0270,13,66.12,859.56,GRN0270,13,quantity_mismatch,1
INV0270,09-11-2024,V020,Vendor_20,USD,3,ITM0048,Accessory gadget module device device widget gadget,10,264.5,2645.0,PO0270,10,264.5,2645.0,GRN0270,10,MATCH,0
INV0270,09-11-2024,V020,Vendor_20,USD,4,ITM0050,Assembly unit component gadget device assembly widget,11,438.24,4820.64,PO0270,11,438.24,4820.64,GRN0270,11,MATCH,0
INV0270,09-11-2024,V020,Vendor_20,USD,5,ITM0003,Part component unit module gadget device,16,380.44,6087.04,PO0270,16,380.44,6087.04,GRN0270,16,MATCH,0
INV0271,25-04-2024,V017,Vendor_17,GBP,1,ITM0006,Accessory part component part assembly device module,2,320.84,641.68,PO0271,2,320.84,641.68,GRN0271,2,currency_mismatch,1
INV0271,25-04-2024,V017,Vendor_17,USD,2,ITM0050,Part device accessory unit component,9,491.63,4424.67,PO0271,9,491.63,4424.67,GRN0271,9,MATCH,0
INV0271,25-04-2024,V017,Vendor_17,USD,3,ITM0006,Widget part component,16,114.59,1833.44,PO0271,16,114.59,1833.44,GRN0271,16,MATCH,0
INV0271,25-04-2024,V017,Vendor_17,USD,4,ITM0028,Widget part device unit part,13,305.28,3968.64,PO0271,13,305.28,3968.64,GRN0271,13,MATCH,0
INV0271,25-04-2024,V017,Vendor_17,USD,5,ITM0043,Widget widget part unit widget widget,8,183.55,1468.4,PO0271,8,183.55,1468.4,GRN0271,8,MATCH,0
INV0272,10-12-2024,V020,Vendor_20,INR,1,ITM0026,Module part part,19,432.39,8215.41,PO0272,19,432.39,8215.41,GRN0272,0,grn_not_received,1
INV0272,10-12-2024,V020,Vendor_20,INR,2,ITM0003,Part unit device device widget unit,1,317.11,317.11,PO0272,1,317.11,317.11,GRN0272,1,MATCH,0
INV0272,10-12-2024,V020,Vendor_20,INR,3,ITM0022,Component module widget,15,425.47,6382.05,PO0272,15,425.47,6382.05,GRN0272,15,item_not_in_po,1
INV0272,10-12-2024,V020,Vendor_20,INR,4,ITM0017,Part module accessory component assembly,2,165.63,331.26,PO0272,2,165.63,331.26,GRN0272,0,grn_not_received,1
INV0272,10-12-2024,V020,Vendor_20,INR,5,ITM0045,Device gadget unit part unit,13,377.89,4912.57,PO0272,13,377.89,4912.57,GRN0272,13,MATCH,0
INV0273,29-03-2024,V016,Vendor_16,USD,1,ITM0022,Unit device part component part,4,457.51,1830.04,PO0273,4,457.51,1830.04,GRN0273,4,MATCH,0
INV0273,29-03-2024,V016,Vendor_16,USD,2,ITM0006,Component assembly gadget module component device,12,171.82,2061.84,PO0273,12,171.82,2061.84,GRN0273,12,MATCH,0
INV0273,29-03-2024,V016,Vendor_16,USD,3,ITM0029,Device accessory component gadget unit,17,351.61,5977.37,PO0273,17,351.61,5977.37,GRN0273,17,MATCH,0
INV0273,29-03-2024,V016,Vendor_16,USD,4,ITM0036,Device assembly module device gadget,3,357.27,1071.81,PO0273,3,357.27,1071.81,GRN0273,3,MATCH,0
INV0273,29-03-2024,V016,Vendor_16,USD,5,ITM0043,Part gadget module module gadget module,10,308.64,3086.4,PO0273,10,308.64,3086.4,GRN0273,10,MATCH,0
INV0274,12-02-2024,V011,Vendor_11,EUR,1,ITM0029,Component gadget accessory,1,249.77,249.77,PO0274,1,249.77,249.77,GRN0274,1,MATCH,0
INV0274,12-02-2024,V011,Vendor_11,EUR,2,ITM0045,Component component unit gadget,1,151.91,151.91,PO0274,1,151.91,151.91,GRN0274,1,MATCH,0
INV0274,12-02-2024,V011,Vendor_11,EUR,3,ITM0002,Assembly module unit accessory gadget gadget assembly,13,376.95,4101.37,PO0274,13,315.49,4101.37,GRN0274,13,price_mismatch,1
INV0274,12-02-2024,V011,Vendor_11,EUR,4,ITM0025,Device accessory part component module,8,163.48,1307.84,PO0274,8,163.48,1307.84,GRN0274,8,MATCH,0
INV0274,12-02-2024,V011,Vendor_11,EUR,5,ITM0023,Accessory gadget part,8,398.8,3190.4,PO0274,8,398.8,3190.4,GRN0274,8,MATCH,0
INV0275,23-10-2024,V005,Vendor_5,USD,1,ITM0033,Assembly widget part component module device,18,411.43,7405.74,PO0275,18,411.43,7405.74,GRN0275,18,MATCH,0
INV0275,23-10-2024,V005,Vendor_5,USD,2,ITM0015,Component part assembly module unit widget,6,15.95,95.7,PO0275,6,15.95,95.7,GRN0275,0,grn_not_received,1
INV0275,23-10-2024,V005,Vendor_5,USD,3,ITM0029,Unit accessory assembly device widget module accessory,9,287.03,2583.27,PO0275,9,287.03,2583.27,GRN0275,9,MATCH,0
INV0275,23-10-2024,V005,Vendor_5,USD,4,ITM0047,Device assembly device,5,493.17,2465.85,PO0275,5,493.17,2465.85,GRN0275,5,MATCH,0
INV0275,23-10-2024,V005,Vendor_5,USD,5,ITM0014,Component device component component part assembly,14,76.4,1069.6,PO0275,14,76.4,1069.6,GRN0275,14,MATCH,0
INV0276,03-10-2024,V019,Vendor_19,EUR,1,ITM0001,Widget device unit device widget widget module,6,367.62,2205.72,PO0276,6,367.62,2205.72,GRN0276,6,currency_mismatch,1
INV0276,03-10-2024,V019,Vendor_19,GBP,2,ITM0016,Device accessory part widget accessory device component,4,473.34,1893.36,PO0276,4,473.34,1893.36,GRN0276,4,MATCH,0
INV0276_DUP,03-10-2024,V019,Vendor_19,GBP,3,ITM0037,Part module assembly part gadget component,6,355.1,2130.6,PO0276,6,355.1,2130.6,GRN0276,6,duplicate_invoice,1
INV0276,03-10-2024,V019,Vendor_19,GBP,4,ITM0017,Widget component gadget module unit widget,15,377.15,5657.25,PO0276,15,377.15,5657.25,GRN0276,15,MATCH,0
INV0276,03-10-2024,V019,Vendor_19,GBP,5,ITM0034,Widget unit accessory widget module,6,5.86,35.16,PO0276,6,5.86,35.16,GRN0276,6,MATCH,0
INV0277,27-09-2024,V001,Vendor_1,USD,1,ITM0021,Component part unit module widget gadget,20,251.61,5032.2,PO0277,20,251.61,5032.2,GRN0277,20,MATCH,0
INV0277,27-09-2024,V001,Vendor_1,USD,2,ITM0035,Accessory widget device gadget,12,289.12,3469.44,PO0277,12,289.12,3469.44,GRN0277,12,MATCH,0
INV0277,27-09-2024,V001,Vendor_1,USD,3,ITM0029,Assembly part assembly unit,18,444.68,8004.24,PO0277,18,444.68,8004.24,GRN0277,18,item_not_in_po,1
INV0277,27-09-2024,V001,Vendor_1,INR,4,ITM0008,Accessory widget device unit gadget,4,251.34,1005.36,PO0277,4,251.34,1005.36,GRN0277,4,currency_mismatch,1
INV0277,27-09-2024,V001,Vendor_1,USD,5,ITM0039,Accessory accessory accessory accessory,18,416.73,7501.14,PO0277,18,416.73,7501.14,GRN0277,18,MATCH,0
INV0278,17-08-2024,V004,Vendor_4,USD,1,ITM0022,Module component part gadget,13,25.59,332.67,PO0278,13,25.59,332.67,GRN0278,13,MATCH,0
INV0278,17-08-2024,V004,Vendor_4,USD,2,ITM0004,Part accessory device part widget assembly,11,456.37,5020.07,PO0278,11,456.37,5020.07,GRN0278,11,MATCH,0
INV0278,17-08-2024,V004,Vendor_4,USD,3,ITM0037,Device assembly device unit component gadget device,10,472.4,4724.0,PO0278,10,472.4,4724.0,GRN0278,10,MATCH,0
INV0278,17-08-2024,V004,Vendor_4,USD,4,ITM0028,Module widget widget widget unit unit,10,251.32,2513.2,PO0278,10,251.32,2513.2,GRN0278,10,MATCH,0
INV0278,17-08-2024,V004,Vendor_4,USD,5,ITM0050,Device device assembly widget accessory,10,446.59,4465.9,PO0278,10,446.59,4465.9,GRN0278,10,MATCH,0
INV0279,19-10-2024,V018,Vendor_18,EUR,1,ITM0042,Device assembly widget component gadget,18,30.96,557.28,PO0279,18,30.96,557.28,GRN0279,18,MATCH,0
INV0279,19-10-2024,V018,Vendor_18,EUR,2,ITM0044,Device assembly gadget module device accessory,4,231.33,925.32,PO0279,4,231.33,925.32,GRN0279,4,MATCH,0
INV0279,19-10-2024,V018,Vendor_18,EUR,3,ITM0012,Device widget gadget gadget,20,12.72,254.4,PO0279,20,12.72,254.4,GRN0279,20,MATCH,0
INV0279,19-10-2024,V018,Vendor_18,EUR,4,ITM0025,Accessory gadget component accessory,11,492.28,5415.08,PO0279,11,492.28,5415.08,GRN0279,11,MATCH,0
INV0279,19-10-2024,V018,Vendor_18,EUR,5,ITM0025,Module part widget gadget,7,312.77,2502.16,PO0279,8,312.77,2502.16,GRN0279,8,quantity_mismatch,1
INV0280,12-05-2024,V014,Vendor_14,GBP,1,ITM0014,Module widget part module part,7,409.28,2864.96,PO0280,7,409.28,2864.96,GRN0280,7,MATCH,0
INV0280,12-05-2024,V014,Vendor_14,GBP,2,ITM0032,Unit unit module device assembly,8,39.91,319.28,PO0280,8,39.91,319.28,GRN0280,8,MATCH,0
INV0280,12-05-2024,V014,Vendor_14,GBP,3,ITM0008,Gadget part widget,18,167.05,3006.9,PO0280,18,167.05,3006.9,GRN0280,18,MATCH,0
INV0280,12-05-2024,V014,Vendor_14,GBP,4,ITM0048,Accessory device device component component,19,134.44,2554.36,PO0280,19,134.44,2554.36,GRN0280,19,MATCH,0
INV0280,12-05-2024,V014,Vendor_14,GBP,5,ITM0049,Module part gadget,3,335.0,838.8,PO0280,3,279.6,838.8,GRN0280,3,price_mismatch,1
INV0281,11-09-2024,V007,Vendor_7,EUR,1,ITM0034,Assembly widget component,13,96.32,1252.16,PO0281,13,96.32,1252.16,GRN0281,13,MATCH,0
INV0281,11-09-2024,V007,Vendor_7,EUR,2,ITM0049,Component unit module,5,223.8,1119.0,PO0281,5,223.8,1119.0,GRN0281,5,MATCH,0
INV0281,11-09-2024,V007,Vendor_7,EUR,3,ITM0050,Unit assembly accessory,7,363.83,2546.81,PO0281,7,363.83,2546.81,GRN0281,7,MATCH,0
INV0281,11-09-2024,V007,Vendor_7,EUR,4,ITM0003,Widget gadget part component gadget assembly accessory,2,198.7,397.4,PO0281,2,198.7,397.4,GRN0281,2,MATCH,0
INV0281,11-09-2024,V007,Vendor_7,EUR,5,ITM0010,Assembly component unit module device,1,436.31,436.31,PO0281,1,436.31,436.31,GRN0281,1,MATCH,0
INV0282,05-02-2024,V008,Vendor_8,GBP,1,ITM0036,Gadget accessory widget device,14,261.43,3660.02,PO0282,14,261.43,3660.02,GRN0282,14,MATCH,0
INV0282,05-02-2024,V008,Vendor_8,GBP,2,ITM0002,Device device component widget accessory device widget,1,283.54,283.54,PO0282,1,283.54,283.54,GRN0282,1,MATCH,0
INV0282,05-02-2024,V008,Vendor_8,GBP,3,ITM0025,Gadget component unit unit widget unit accessory,19,324.17,6159.23,PO0282,19,324.17,6159.23,GRN0282,19,MATCH,0
INV0282_DUP,05-02-2024,V008,Vendor_8,GBP,4,ITM0019,Module accessory component assembly component accessory unit,16,460.12,7361.92,PO0282,16,460.12,7361.92,GRN0282,16,duplicate_invoice,1
INV0282,05-02-2024,V008,Vendor_8,GBP,5,ITM0010,Assembly module gadget unit gadget accessory,9,441.56,3974.04,PO0282,9,441.56,3974.04,GRN0282,9,MATCH,0
INV0283,07-07-2024,V001,Vendor_1,INR,1,ITM0020,Widget module part part,13,66.89,869.57,PO0283,13,66.89,869.57,GRN0283,13,MATCH,0
INV0283,07-07-2024,V001,Vendor_1,INR,2,ITM0041,Gadget module part assembly assembly,13,234.44,3047.72,PO0283,13,234.44,3047.72,GRN0283,13,MATCH,0
INV0283,07-07-2024,V001,Vendor_1,INR,3,ITM0022,Unit gadget assembly component device,19,101.33,1925.27,PO0283,19,101.33,1925.27,GRN0283,19,MATCH,0
INV0283,07-07-2024,V001,Vendor_1,INR,4,ITM0047,Module assembly part part module component module,16,58.78,940.48,PO0283,16,58.78,940.48,GRN0283,16,MATCH,0
INV0283,07-07-2024,V001,Vendor_1,INR,5,ITM0042,Component part device unit widget gadget,18,445.51,8019.18,PO0283,18,445.51,8019.18,GRN0283,18,MATCH,0
INV0284,03-12-2024,V013,Vendor_13,INR,1,ITM0012,Widget gadget unit gadget accessory device,5,322.41,1612.05,PO0284,5,322.41,1612.05,GRN0284,5,MATCH,0
INV0284,03-12-2024,V013,Vendor_13,INR,2,ITM0037,Gadget component component device,16,161.53,2584.48,PO0284,16,161.53,2584.48,GRN0284,16,MATCH,0
INV0284_DUP,03-12-2024,V013,Vendor_13,INR,3,ITM0049,Assembly unit widget widget widget widget accessory,2,169.1,338.2,PO0284,2,169.1,338.2,GRN0284,2,duplicate_invoice,1
INV0284,03-12-2024,V013,Vendor_13,INR,4,ITM0006,Accessory module device accessory component,3,184.66,553.98,PO0284,3,184.66,553.98,GRN0284,3,MATCH,0
INV0284,03-12-2024,V013,Vendor_13,INR,5,ITM0021,Accessory assembly module gadget component part gadget,5,85.81,429.05,PO0284,5,85.81,429.05,GRN0284,5,MATCH,0
INV0285,01-03-2024,V018,Vendor_18,INR,1,ITM0011,Assembly assembly accessory device accessory accessory unit,5,455.05,2275.25,PO0285,5,455.05,2275.25,GRN0285,5,MATCH,0
INV0285,01-03-2024,V018,Vendor_18,INR,2,ITM0007,Gadget module module,6,384.73,2308.38,PO0285,6,384.73,2308.38,GRN0285,6,MATCH,0
INV0285_DUP,01-03-2024,V018,Vendor_18,INR,3,ITM0038,Accessory unit gadget accessory accessory,19,175.2,3328.8,PO0285,19,175.2,3328.8,GRN0285,19,duplicate_invoice,1
INV0285,01-03-2024,V018,Vendor_18,INR,4,ITM0022,Part widget gadget,10,340.3,3403.0,PO0285,10,340.3,3403.0,GRN0285,0,grn_not_received,1
INV0285,01-03-2024,V018,Vendor_18,INR,5,ITM0010,Accessory part device,11,149.71,1646.81,PO0285,11,149.71,1646.81,GRN0285,11,MATCH,0
INV0286,12-02-2024,V012,Vendor_12,INR,1,ITM0002,Accessory module gadget part gadget component assembly,1,247.36,247.36,PO0286,1,247.36,247.36,GRN0286,1,MATCH,0
INV0286_DUP,12-02-2024,V012,Vendor_12,INR,2,ITM0011,Unit device component,14,172.07,2408.98,PO0286,14,172.07,2408.98,GRN0286,14,duplicate_invoice,1
INV0286,12-02-2024,V012,Vendor_12,INR,3,ITM0018,Unit component widget part accessory widget,19,14.51,275.69,PO0286,19,14.51,275.69,GRN0286,19,MATCH,0
INV0286,12-02-2024,V012,Vendor_12,INR,4,ITM0025,Accessory module widget device,13,180.86,2224.82,PO0286,13,171.14,2224.82,GRN0286,13,price_mismatch,1
INV0286,12-02-2024,V012,Vendor_12,INR,5,ITM0033,Module module accessory device assembly assembly,9,46.24,416.16,PO0286,9,46.24,416.16,GRN0286,9,MATCH,0
INV0287,18-08-2024,V003,Vendor_3,GBP,1,ITM0033,Widget gadget device,8,41.84,334.72,PO0287,8,41.84,334.72,GRN0287,8,MATCH,0
INV0287_DUP,18-08-2024,V003,Vendor_3,GBP,2,ITM0024,Gadget part part,3,9.77,29.31,PO0287,3,9.77,29.31,GRN0287,3,duplicate_invoice,1
INV0287,18-08-2024,V003,Vendor_3,GBP,3,ITM0001,Part unit gadget unit part,15,317.35,4760.25,PO0287,15,317.35,4760.25,GRN0287,15,MATCH,0
INV0287,18-08-2024,V003,Vendor_3,GBP,4,ITM0022,Unit widget gadget,3,96.86,290.58,PO0287,3,96.86,290.58,GRN0287,3,MATCH,0
INV0287,18-08-2024,V003,Vendor_3,GBP,5,ITM0046,Widget part component,2,359.9,719.8,PO0287,2,359.9,719.8,GRN0287,2,MATCH,0
INV0288,17-07-2024,V011,Vendor_11,EUR,1,ITM0031,Device assembly device assembly,19,433.18,8230.42,PO0288,19,433.18,8230.42,GRN0288,19,MATCH,0
INV0288,17-07-2024,V011,Vendor_11,EUR,2,ITM0004,Gadget widget gadget gadget gadget assembly,7,351.48,2460.36,PO0288,7,351.48,2460.36,GRN0288,7,MATCH,0
INV0288,17-07-2024,V011,Vendor_11,EUR,3,ITM0045,Gadget part device,8,85.4,683.2,PO0288,8,85.4,683.2,GRN0288,8,MATCH,0
INV0288,17-07-2024,V011,Vendor_11,EUR,4,ITM0041,Component module unit gadget component module component,1,381.77,329.15,PO0288,1,329.15,329.15,GRN0288,1,price_mismatch,1
INV0288,17-07-2024,V011,Vendor_11,EUR,5,ITM0044,Component gadget widget assembly accessory,2,311.82,623.64,PO0288,2,311.82,623.64,GRN0288,2,MATCH,0
INV0289,08-08-2024,V003,Vendor_3,INR,1,ITM0001,Component device accessory,20,340.71,6814.2,PO0289,20,340.71,6814.2,GRN0289,20,MATCH,0
INV0289,08-08-2024,V003,Vendor_3,INR,2,ITM0005,Component part assembly device assembly assembly device,11,275.23,3027.53,PO0289,11,275.23,3027.53,GRN0289,11,MATCH,0
INV0289,08-08-2024,V003,Vendor_3,EUR,3,ITM0048,Component gadget device module,15,165.56,2483.4,PO0289,15,165.56,2483.4,GRN0289,15,currency_mismatch,1
INV0289,08-08-2024,V003,Vendor_3,INR,4,ITM0026,Part assembly gadget device module accessory,5,395.19,1975.95,PO0289,5,395.19,1975.95,GRN0289,5,MATCH,0
INV0289,08-08-2024,V003,Vendor_3,INR,5,ITM0025,Module widget part unit,6,79.76,478.56,PO0289,6,79.76,478.56,GRN0289,6,MATCH,0
INV0290,04-04-2024,V007,Vendor_7,USD,1,ITM0002,Assembly component gadget assembly gadget part,18,142.45,2564.1,PO0290,18,142.45,2564.1,GRN0290,18,MATCH,0
INV0290,04-04-2024,V007,Vendor_7,USD,2,ITM0013,Unit assembly module part assembly unit,12,480.91,5770.92,PO0290,12,480.91,5770.92,GRN0290,12,MATCH,0
INV0290,04-04-2024,V007,Vendor_7,USD,3,ITM0005,Device unit gadget assembly assembly,7,211.09,1477.63,PO0290,7,211.09,1477.63,GRN0290,7,MATCH,0
INV0290,04-04-2024,V007,Vendor_7,USD,4,ITM0001,Unit module component unit unit,20,69.07,1381.4,PO0290,20,69.07,1381.4,GRN0290,20,item_not_in_po,1
INV0290,04-04-2024,V007,Vendor_7,USD,5,ITM0019,Device part part module accessory,3,13.77,41.31,PO0290,3,13.77,41.31,GRN0290,3,MATCH,0
INV0291,08-07-2024,V014,Vendor_14,EUR,1,ITM0014,Device accessory accessory unit accessory,16,394.47,6311.52,PO0291,16,394.47,6311.52,GRN0291,0,grn_not_received,1
INV0291,08-07-2024,V014,Vendor_14,EUR,2,ITM0036,Unit component gadget gadget component,19,485.71,9228.49,PO0291,19,485.71,9228.49,GRN0291,19,MATCH,0
INV0291,08-07-2024,V014,Vendor_14,EUR,3,ITM0015,Unit part component unit accessory component part,13,403.11,4892.55,PO0291,13,376.35,4892.55,GRN0291,13,price_mismatch,1
INV0291,08-07-2024,V014,Vendor_14,EUR,4,ITM0040,Widget assembly unit accessory accessory,9,38.13,343.17,PO0291,9,38.13,343.17,GRN0291,9,MATCH,0
INV0291_DUP,08-07-2024,V014,Vendor_14,EUR,5,ITM0025,Part component gadget part,2,239.5,479.0,PO0291,2,239.5,479.0,GRN0291,2,duplicate_invoice,1
INV0292,24-04-2024,V001,Vendor_1,GBP,1,ITM0023,Assembly gadget component component accessory unit assembly,7,479.07,3353.49,PO0292,7,479.07,3353.49,GRN0292,7,MATCH,0
INV0292,24-04-2024,V001,Vendor_1,GBP,2,ITM0039,Gadget device device gadget part component part,14,351.82,4925.48,PO0292,14,351.82,4925.48,GRN0292,14,MATCH,0
INV0292,24-04-2024,V001,Vendor_1,GBP,3,ITM0001,Component gadget widget unit device,3,187.47,562.41,PO0292,3,187.47,562.41,GRN0292,3,MATCH,0
INV0292,24-04-2024,V001,Vendor_1,GBP,4,ITM0050,Assembly module gadget module,11,58.33,641.63,PO0292,11,58.33,641.63,GRN0292,11,MATCH,0
INV0292,24-04-2024,V001,Vendor_1,GBP,5,ITM0018,Component device assembly gadget gadget accessory,4,30.95,123.8,PO0292,4,30.95,123.8,GRN0292,4,MATCH,0
INV0293,16-06-2024,V018,Vendor_18,INR,1,ITM0024,Component device assembly unit,11,200.79,2208.69,PO0293,11,200.79,2208.69,GRN0293,11,MATCH,0
INV0293,16-06-2024,V018,Vendor_18,INR,2,ITM0021,Part widget component unit unit part widget,5,250.85,1254.25,PO0293,5,250.85,1254.25,GRN0293,5,MATCH,0
INV0293,16-06-2024,V018,Vendor_18,INR,3,ITM0005,Gadget assembly accessory component,12,486.3,5835.6,PO0293,12,486.3,5835.6,GRN0293,12,MATCH,0
INV0293,16-06-2024,V018,Vendor_18,INR,4,ITM0022,Module device assembly,18,35.76,643.68,PO0293,18,35.76,643.68,GRN0293,18,MATCH,0
INV0293,16-06-2024,V018,Vendor_18,INR,5,ITM0027,Device assembly widget gadget gadget device,9,117.56,1058.04,PO0293,9,117.56,1058.04,GRN0293,9,MATCH,0
INV0294,29-01-2024,V018,Vendor_18,USD,1,ITM0004,Assembly widget device accessory,5,252.79,1263.95,PO0294,5,252.79,1263.95,GRN0294,5,MATCH,0
INV0294,29-01-2024,V018,Vendor_18,USD,2,ITM0021,Device device widget device assembly device,14,277.27,3881.78,PO0294,14,277.27,3881.78,GRN0294,14,MATCH,0
INV0294,29-01-2024,V018,Vendor_18,USD,3,ITM0003,Unit gadget unit widget,3,292.88,878.64,PO0294,3,292.88,878.64,GRN0294,3,MATCH,0
INV0294,29-01-2024,V018,Vendor_18,USD,4,ITM0024,Accessory gadget gadget assembly accessory device component,18,190.28,3425.04,PO0294,18,190.28,3425.04,GRN0294,18,MATCH,0
INV0294,29-01-2024,V018,Vendor_18,USD,5,ITM0025,Part device component gadget,9,199.35,1794.15,PO0294,9,199.35,1794.15,GRN0294,9,MATCH,0
INV0295,29-11-2024,V010,Vendor_10,INR,1,ITM0002,Unit unit assembly module gadget widget,4,372.69,1490.76,PO0295,4,372.69,1490.76,GRN0295,0,grn_not_received,1
INV0295,29-11-2024,V010,Vendor_10,INR,2,ITM0014,Device device component device,7,443.89,3107.23,PO0295,7,443.89,3107.23,GRN0295,7,MATCH,0
INV0295,29-11-2024,V010,Vendor_10,INR,3,ITM0020,Assembly unit component accessory part,7,257.99,1805.93,PO0295,7,257.99,1805.93,GRN0295,7,MATCH,0
INV0295,29-11-2024,V010,Vendor_10,INR,4,ITM0020,Gadget gadget module,16,556.52,7578.56,PO0295,16,473.66,7578.56,GRN0295,16,price_mismatch,1
INV0295,29-11-2024,V010,Vendor_10,INR,5,ITM0025,Assembly module device accessory assembly,20,146.24,2924.8,PO0295,20,146.24,2924.8,GRN0295,20,MATCH,0
INV0296,07-12-2024,V008,Vendor_8,USD,1,ITM0040,Part part unit,1,473.66,473.66,PO0296,1,473.66,473.66,GRN0296,1,MATCH,0
INV0296,07-12-2024,V008,Vendor_8,USD,2,ITM0001,Assembly device accessory widget module,7,485.62,3399.34,PO0296,7,485.62,3399.34,GRN0296,7,MATCH,0
INV0296,07-12-2024,V008,Vendor_8,GBP,3,ITM0048,Widget module widget device accessory,10,75.21,752.1,PO0296,10,75.21,752.1,GRN0296,10,currency_mismatch,1
INV0296,07-12-2024,V008,Vendor_8,USD,4,ITM0030,Gadget unit accessory part,16,91.42,1462.72,PO0296,16,91.42,1462.72,GRN0296,16,MATCH,0
INV0296,07-12-2024,V008,Vendor_8,GBP,5,ITM0008,Device assembly part,18,140.2,2523.6,PO0296,18,140.2,2523.6,GRN0296,18,currency_mismatch,1
INV0297,12-01-2024,V019,Vendor_19,USD,1,ITM0005,Gadget module module widget,14,416.07,5824.98,PO0297,14,416.07,5824.98,GRN0297,14,currency_mismatch,1
INV0297,12-01-2024,V019,Vendor_19,INR,2,ITM0027,Accessory unit widget widget,9,356.4,3207.6,PO0297,9,356.4,3207.6,GRN0297,9,MATCH,0
INV0297,12-01-2024,V019,Vendor_19,INR,3,ITM0047,Gadget component device accessory gadget device,3,497.94,497.94,PO0297,1,497.94,497.94,GRN0297,1,quantity_mismatch,1
INV0297,12-01-2024,V019,Vendor_19,INR,4,ITM0003,Part module accessory assembly component part widget,10,48.77,585.24,PO0297,12,48.77,585.24,GRN0297,12,quantity_mismatch,1
INV0297,12-01-2024,V019,Vendor_19,INR,5,ITM0024,Part assembly module accessory device assembly,11,368.92,4058.12,PO0297,11,368.92,4058.12,GRN0297,11,MATCH,0
INV0298,26-06-2024,V014,Vendor_14,EUR,1,ITM0038,Module accessory device gadget device accessory,18,206.87,3723.66,PO0298,18,206.87,3723.66,GRN0298,18,MATCH,0
INV0298,26-06-2024,V014,Vendor_14,EUR,2,ITM0028,Unit part component,12,324.5,3894.0,PO0298,12,324.5,3894.0,GRN0298,12,MATCH,0
INV0298,26-06-2024,V014,Vendor_14,EUR,3,ITM0029,Part gadget widget assembly part unit unit,18,318.19,5727.42,PO0298,18,318.19,5727.42,GRN0298,18,MATCH,0
INV0298,26-06-2024,V014,Vendor_14,EUR,4,ITM0048,Part unit accessory part,13,45.46,590.98,PO0298,13,45.46,590.98,GRN0298,13,MATCH,0
INV0298,26-06-2024,V014,Vendor_14,EUR,5,ITM0027,Accessory assembly assembly,19,7.0,133.0,PO0298,19,7.0,133.0,GRN0298,19,MATCH,0
INV0299,08-10-2024,V006,Vendor_6,EUR,1,ITM0044,Assembly component part module accessory,17,330.16,5612.72,PO0299,17,330.16,5612.72,GRN0299,17,MATCH,0
INV0299,08-10-2024,V006,Vendor_6,INR,2,ITM0026,Unit device device accessory,8,322.03,2576.24,PO0299,8,322.03,2576.24,GRN0299,8,currency_mismatch,1
INV0299,08-10-2024,V006,Vendor_6,EUR,3,ITM0030,Part accessory gadget widget,17,440.53,6816.49,PO0299,17,400.97,6816.49,GRN0299,17,price_mismatch,1
INV0299,08-10-2024,V006,Vendor_6,EUR,4,ITM0032,Accessory device component device,10,413.49,4134.9,PO0299,10,413.49,4134.9,GRN0299,10,MATCH,0
INV0299,08-10-2024,V006,Vendor_6,EUR,5,ITM0035,Accessory gadget widget,10,64.93,649.3,PO0299,10,64.93,649.3,GRN0299,10,item_not_in_po,1
INV0300,05-04-2024,V003,Vendor_3,USD,1,ITM0017,Accessory module module module device component,13,190.58,2477.54,PO0300,13,190.58,2477.54,GRN0300,13,MATCH,0
INV0300,05-04-2024,V003,Vendor_3,USD,2,ITM0020,Unit accessory unit unit device accessory,16,163.22,2611.52,PO0300,16,163.22,2611.52,GRN0300,16,MATCH,0
INV0300,05-04-2024,V003,Vendor_3,USD,3,ITM0002,Device part module assembly widget,19,312.01,5928.19,PO0300,19,312.01,5928.19,GRN0300,19,MATCH,0
INV0300,05-04-2024,V003,Vendor_3,USD,4,ITM0023,Accessory module accessory device widget component,3,46.07,138.21,PO0300,3,46.07,138.21,GRN0300,3,MATCH,0
INV0300,05-04-2024,V003,Vendor_3,USD,5,ITM0047,Assembly device component,16,22.0,352.0,PO0300,16,22.0,352.0,GRN0300,0,grn_not_received,1
